# test name, category, real vulnerability, cwe, Benchmark version: 1.2, 2016-06-1
BenchmarkTest00001,pathtraver,true,22
BenchmarkTest00002,pathtraver,true,22
BenchmarkTest00003,hash,true,328
BenchmarkTest00004,trustbound,true,501
BenchmarkTest00005,crypto,true,327
BenchmarkTest00006,cmdi,true,78
BenchmarkTest00007,cmdi,true,78
BenchmarkTest00008,sqli,true,89
BenchmarkTest00009,hash,false,328
BenchmarkTest00010,weakrand,false,330
BenchmarkTest00011,pathtraver,true,22
BenchmarkTest00012,ldapi,true,90
BenchmarkTest00013,xss,true,79
BenchmarkTest00014,xss,true,79
BenchmarkTest00015,cmdi,true,78
BenchmarkTest00016,securecookie,false,614
BenchmarkTest00017,cmdi,true,78
BenchmarkTest00018,sqli,true,89
BenchmarkTest00019,crypto,true,327
BenchmarkTest00020,crypto,true,327
BenchmarkTest00021,ldapi,true,90
BenchmarkTest00022,hash,false,328
BenchmarkTest00023,weakrand,true,330
BenchmarkTest00024,sqli,true,89
BenchmarkTest00025,sqli,true,89
BenchmarkTest00026,sqli,true,89
BenchmarkTest00027,sqli,true,89
BenchmarkTest00028,pathtraver,true,22
BenchmarkTest00029,hash,true,328
BenchmarkTest00030,xss,true,79
BenchmarkTest00031,trustbound,true,501
BenchmarkTest00032,sqli,true,89
BenchmarkTest00033,sqli,true,89
BenchmarkTest00034,sqli,true,89
BenchmarkTest00035,crypto,true,327
BenchmarkTest00036,xss,true,79
BenchmarkTest00037,sqli,true,89
BenchmarkTest00038,sqli,true,89
BenchmarkTest00039,sqli,true,89
BenchmarkTest00040,pathtraver,true,22
BenchmarkTest00041,xss,true,79
BenchmarkTest00042,weakrand,false,330
BenchmarkTest00043,sqli,true,89
BenchmarkTest00044,ldapi,true,90
BenchmarkTest00045,pathtraver,true,22
BenchmarkTest00046,hash,true,328
BenchmarkTest00047,xss,true,79
BenchmarkTest00048,xss,true,79
BenchmarkTest00049,xss,true,79
BenchmarkTest00050,crypto,true,327
BenchmarkTest00051,cmdi,false,78
BenchmarkTest00052,sqli,false,89
BenchmarkTest00053,crypto,true,327
BenchmarkTest00054,crypto,false,327
BenchmarkTest00055,crypto,true,327
BenchmarkTest00056,crypto,true,327
BenchmarkTest00057,crypto,true,327
BenchmarkTest00058,crypto,false,327
BenchmarkTest00059,crypto,false,327
BenchmarkTest00060,pathtraver,true,22
BenchmarkTest00061,pathtraver,true,22
BenchmarkTest00062,pathtraver,true,22
BenchmarkTest00063,pathtraver,false,22
BenchmarkTest00064,pathtraver,false,22
BenchmarkTest00065,pathtraver,true,22
BenchmarkTest00066,weakrand,true,330
BenchmarkTest00067,weakrand,true,330
BenchmarkTest00068,weakrand,true,330
BenchmarkTest00069,hash,false,328
BenchmarkTest00070,hash,true,328
BenchmarkTest00071,hash,true,328
BenchmarkTest00072,hash,false,328
BenchmarkTest00073,hash,true,328
BenchmarkTest00074,hash,true,328
BenchmarkTest00075,hash,false,328
BenchmarkTest00076,hash,false,328
BenchmarkTest00077,cmdi,true,78
BenchmarkTest00078,weakrand,true,330
BenchmarkTest00079,weakrand,true,330
BenchmarkTest00080,weakrand,true,330
BenchmarkTest00081,weakrand,true,330
BenchmarkTest00082,weakrand,true,330
BenchmarkTest00083,weakrand,true,330
BenchmarkTest00084,weakrand,true,330
BenchmarkTest00085,weakrand,true,330
BenchmarkTest00086,weakrand,true,330
BenchmarkTest00087,securecookie,true,614
BenchmarkTest00088,securecookie,false,614
BenchmarkTest00089,securecookie,false,614
BenchmarkTest00090,cmdi,false,78
BenchmarkTest00091,cmdi,true,78
BenchmarkTest00092,cmdi,true,78
BenchmarkTest00093,cmdi,false,78
BenchmarkTest00094,weakrand,false,330
BenchmarkTest00095,weakrand,false,330
BenchmarkTest00096,weakrand,false,330
BenchmarkTest00097,trustbound,false,501
BenchmarkTest00098,trustbound,true,501
BenchmarkTest00099,trustbound,false,501
BenchmarkTest00100,sqli,true,89
BenchmarkTest00101,sqli,true,89
BenchmarkTest00102,sqli,true,89
BenchmarkTest00103,sqli,true,89
BenchmarkTest00104,sqli,false,89
BenchmarkTest00105,sqli,false,89
BenchmarkTest00106,sqli,true,89
BenchmarkTest00107,sqli,false,89
BenchmarkTest00108,sqli,true,89
BenchmarkTest00109,sqli,true,89
BenchmarkTest00110,sqli,false,89
BenchmarkTest00111,sqli,true,89
BenchmarkTest00112,sqli,true,89
BenchmarkTest00113,sqli,false,89
BenchmarkTest00114,sqli,false,89
BenchmarkTest00115,sqli,true,89
BenchmarkTest00116,xpathi,false,643
BenchmarkTest00117,xpathi,false,643
BenchmarkTest00118,xpathi,false,643
BenchmarkTest00119,crypto,true,327
BenchmarkTest00120,crypto,true,327
BenchmarkTest00121,crypto,false,327
BenchmarkTest00122,crypto,false,327
BenchmarkTest00123,crypto,true,327
BenchmarkTest00124,crypto,true,327
BenchmarkTest00125,crypto,true,327
BenchmarkTest00126,crypto,false,327
BenchmarkTest00127,crypto,false,327
BenchmarkTest00128,crypto,false,327
BenchmarkTest00129,crypto,false,327
BenchmarkTest00130,crypto,false,327
BenchmarkTest00131,pathtraver,false,22
BenchmarkTest00132,pathtraver,false,22
BenchmarkTest00133,pathtraver,true,22
BenchmarkTest00134,pathtraver,false,22
BenchmarkTest00135,pathtraver,false,22
BenchmarkTest00136,pathtraver,false,22
BenchmarkTest00137,pathtraver,false,22
BenchmarkTest00138,ldapi,false,90
BenchmarkTest00139,ldapi,false,90
BenchmarkTest00140,weakrand,true,330
BenchmarkTest00141,hash,true,328
BenchmarkTest00142,hash,false,328
BenchmarkTest00143,hash,true,328
BenchmarkTest00144,xss,true,79
BenchmarkTest00145,xss,true,79
BenchmarkTest00146,xss,true,79
BenchmarkTest00147,xss,false,79
BenchmarkTest00148,xss,true,79
BenchmarkTest00149,xss,true,79
BenchmarkTest00150,xss,true,79
BenchmarkTest00151,xss,false,79
BenchmarkTest00152,xss,true,79
BenchmarkTest00153,xss,true,79
BenchmarkTest00154,xss,true,79
BenchmarkTest00155,xss,true,79
BenchmarkTest00156,xss,true,79
BenchmarkTest00157,xss,true,79
BenchmarkTest00158,cmdi,false,78
BenchmarkTest00159,cmdi,true,78
BenchmarkTest00160,weakrand,true,330
BenchmarkTest00161,weakrand,true,330
BenchmarkTest00162,weakrand,true,330
BenchmarkTest00163,weakrand,true,330
BenchmarkTest00164,weakrand,true,330
BenchmarkTest00165,weakrand,true,330
BenchmarkTest00166,weakrand,true,330
BenchmarkTest00167,weakrand,true,330
BenchmarkTest00168,weakrand,true,330
BenchmarkTest00169,securecookie,true,614
BenchmarkTest00170,securecookie,true,614
BenchmarkTest00171,cmdi,false,78
BenchmarkTest00172,cmdi,true,78
BenchmarkTest00173,cmdi,true,78
BenchmarkTest00174,cmdi,true,78
BenchmarkTest00175,cmdi,false,78
BenchmarkTest00176,cmdi,true,78
BenchmarkTest00177,cmdi,false,78
BenchmarkTest00178,weakrand,false,330
BenchmarkTest00179,weakrand,false,330
BenchmarkTest00180,weakrand,false,330
BenchmarkTest00181,weakrand,false,330
BenchmarkTest00182,weakrand,false,330
BenchmarkTest00183,weakrand,false,330
BenchmarkTest00184,weakrand,false,330
BenchmarkTest00185,weakrand,false,330
BenchmarkTest00186,weakrand,false,330
BenchmarkTest00187,weakrand,false,330
BenchmarkTest00188,weakrand,false,330
BenchmarkTest00189,trustbound,false,501
BenchmarkTest00190,sqli,false,89
BenchmarkTest00191,sqli,false,89
BenchmarkTest00192,sqli,true,89
BenchmarkTest00193,sqli,true,89
BenchmarkTest00194,sqli,true,89
BenchmarkTest00195,sqli,true,89
BenchmarkTest00196,sqli,true,89
BenchmarkTest00197,sqli,false,89
BenchmarkTest00198,sqli,true,89
BenchmarkTest00199,sqli,true,89
BenchmarkTest00200,sqli,false,89
BenchmarkTest00201,sqli,false,89
BenchmarkTest00202,sqli,false,89
BenchmarkTest00203,sqli,true,89
BenchmarkTest00204,sqli,true,89
BenchmarkTest00205,sqli,false,89
BenchmarkTest00206,sqli,false,89
BenchmarkTest00207,xpathi,true,643
BenchmarkTest00208,crypto,true,327
BenchmarkTest00209,crypto,false,327
BenchmarkTest00210,crypto,true,327
BenchmarkTest00211,crypto,false,327
BenchmarkTest00212,crypto,false,327
BenchmarkTest00213,crypto,false,327
BenchmarkTest00214,crypto,false,327
BenchmarkTest00215,pathtraver,true,22
BenchmarkTest00216,pathtraver,true,22
BenchmarkTest00217,pathtraver,false,22
BenchmarkTest00218,pathtraver,true,22
BenchmarkTest00219,pathtraver,true,22
BenchmarkTest00220,pathtraver,false,22
BenchmarkTest00221,pathtraver,false,22
BenchmarkTest00222,pathtraver,true,22
BenchmarkTest00223,hash,true,328
BenchmarkTest00224,hash,false,328
BenchmarkTest00225,hash,false,328
BenchmarkTest00226,hash,true,328
BenchmarkTest00227,hash,true,328
BenchmarkTest00228,hash,false,328
BenchmarkTest00229,hash,false,328
BenchmarkTest00230,weakrand,true,330
BenchmarkTest00231,weakrand,true,330
BenchmarkTest00232,weakrand,true,330
BenchmarkTest00233,weakrand,true,330
BenchmarkTest00234,weakrand,true,330
BenchmarkTest00235,weakrand,true,330
BenchmarkTest00236,weakrand,true,330
BenchmarkTest00237,weakrand,true,330
BenchmarkTest00238,weakrand,true,330
BenchmarkTest00239,weakrand,true,330
BenchmarkTest00240,weakrand,true,330
BenchmarkTest00241,securecookie,true,614
BenchmarkTest00242,securecookie,false,614
BenchmarkTest00243,weakrand,false,330
BenchmarkTest00244,weakrand,false,330
BenchmarkTest00245,weakrand,false,330
BenchmarkTest00246,weakrand,false,330
BenchmarkTest00247,weakrand,false,330
BenchmarkTest00248,weakrand,false,330
BenchmarkTest00249,weakrand,false,330
BenchmarkTest00250,trustbound,false,501
BenchmarkTest00251,trustbound,true,501
BenchmarkTest00252,trustbound,false,501
BenchmarkTest00253,trustbound,false,501
BenchmarkTest00254,crypto,true,327
BenchmarkTest00255,crypto,false,327
BenchmarkTest00256,crypto,true,327
BenchmarkTest00257,crypto,true,327
BenchmarkTest00258,crypto,true,327
BenchmarkTest00259,crypto,false,327
BenchmarkTest00260,crypto,false,327
BenchmarkTest00261,pathtraver,false,22
BenchmarkTest00262,pathtraver,true,22
BenchmarkTest00263,pathtraver,false,22
BenchmarkTest00264,pathtraver,true,22
BenchmarkTest00265,pathtraver,false,22
BenchmarkTest00266,hash,true,328
BenchmarkTest00267,hash,true,328
BenchmarkTest00268,hash,true,328
BenchmarkTest00269,hash,true,328
BenchmarkTest00270,hash,false,328
BenchmarkTest00271,hash,false,328
BenchmarkTest00272,hash,true,328
BenchmarkTest00273,hash,true,328
BenchmarkTest00274,hash,true,328
BenchmarkTest00275,xss,false,79
BenchmarkTest00276,xss,true,79
BenchmarkTest00277,xss,false,79
BenchmarkTest00278,xss,false,79
BenchmarkTest00279,xss,true,79
BenchmarkTest00280,xss,true,79
BenchmarkTest00281,xss,false,79
BenchmarkTest00282,xss,false,79
BenchmarkTest00283,xss,false,79
BenchmarkTest00284,xss,true,79
BenchmarkTest00285,xss,false,79
BenchmarkTest00286,xss,false,79
BenchmarkTest00287,xss,true,79
BenchmarkTest00288,xss,false,79
BenchmarkTest00289,xss,false,79
BenchmarkTest00290,xss,true,79
BenchmarkTest00291,xss,true,79
BenchmarkTest00292,xss,true,79
BenchmarkTest00293,cmdi,true,78
BenchmarkTest00294,cmdi,true,78
BenchmarkTest00295,cmdi,true,78
BenchmarkTest00296,weakrand,true,330
BenchmarkTest00297,weakrand,true,330
BenchmarkTest00298,weakrand,true,330
BenchmarkTest00299,weakrand,true,330
BenchmarkTest00300,securecookie,true,614
BenchmarkTest00301,xss,true,79
BenchmarkTest00302,cmdi,true,78
BenchmarkTest00303,cmdi,true,78
BenchmarkTest00304,cmdi,true,78
BenchmarkTest00305,cmdi,false,78
BenchmarkTest00306,cmdi,true,78
BenchmarkTest00307,cmdi,false,78
BenchmarkTest00308,cmdi,false,78
BenchmarkTest00309,cmdi,false,78
BenchmarkTest00310,cmdi,false,78
BenchmarkTest00311,cmdi,true,78
BenchmarkTest00312,weakrand,false,330
BenchmarkTest00313,weakrand,false,330
BenchmarkTest00314,weakrand,false,330
BenchmarkTest00315,weakrand,false,330
BenchmarkTest00316,weakrand,false,330
BenchmarkTest00317,weakrand,false,330
BenchmarkTest00318,weakrand,false,330
BenchmarkTest00319,weakrand,false,330
BenchmarkTest00320,weakrand,false,330
BenchmarkTest00321,trustbound,true,501
BenchmarkTest00322,trustbound,false,501
BenchmarkTest00323,trustbound,false,501
BenchmarkTest00324,trustbound,true,501
BenchmarkTest00325,trustbound,true,501
BenchmarkTest00326,trustbound,true,501
BenchmarkTest00327,trustbound,true,501
BenchmarkTest00328,sqli,true,89
BenchmarkTest00329,sqli,false,89
BenchmarkTest00330,sqli,false,89
BenchmarkTest00331,sqli,false,89
BenchmarkTest00332,sqli,false,89
BenchmarkTest00333,sqli,false,89
BenchmarkTest00334,sqli,false,89
BenchmarkTest00335,sqli,true,89
BenchmarkTest00336,sqli,false,89
BenchmarkTest00337,sqli,true,89
BenchmarkTest00338,sqli,false,89
BenchmarkTest00339,sqli,true,89
BenchmarkTest00340,sqli,false,89
BenchmarkTest00341,sqli,true,89
BenchmarkTest00342,sqli,true,89
BenchmarkTest00343,sqli,false,89
BenchmarkTest00344,sqli,false,89
BenchmarkTest00345,crypto,false,327
BenchmarkTest00346,hash,true,328
BenchmarkTest00347,weakrand,true,330
BenchmarkTest00348,securecookie,true,614
BenchmarkTest00349,weakrand,false,330
BenchmarkTest00350,crypto,false,327
BenchmarkTest00351,crypto,false,327
BenchmarkTest00352,crypto,false,327
BenchmarkTest00353,crypto,false,327
BenchmarkTest00354,crypto,true,327
BenchmarkTest00355,crypto,true,327
BenchmarkTest00356,crypto,true,327
BenchmarkTest00357,crypto,false,327
BenchmarkTest00358,crypto,false,327
BenchmarkTest00359,pathtraver,true,22
BenchmarkTest00360,pathtraver,true,22
BenchmarkTest00361,pathtraver,false,22
BenchmarkTest00362,pathtraver,true,22
BenchmarkTest00363,pathtraver,true,22
BenchmarkTest00364,pathtraver,false,22
BenchmarkTest00365,pathtraver,false,22
BenchmarkTest00366,pathtraver,false,22
BenchmarkTest00367,ldapi,false,90
BenchmarkTest00368,weakrand,true,330
BenchmarkTest00369,weakrand,true,330
BenchmarkTest00370,hash,false,328
BenchmarkTest00371,hash,true,328
BenchmarkTest00372,hash,true,328
BenchmarkTest00373,hash,false,328
BenchmarkTest00374,hash,true,328
BenchmarkTest00375,xss,true,79
BenchmarkTest00376,xss,true,79
BenchmarkTest00377,xss,false,79
BenchmarkTest00378,xss,true,79
BenchmarkTest00379,xss,false,79
BenchmarkTest00380,xss,true,79
BenchmarkTest00381,xss,false,79
BenchmarkTest00382,xss,true,79
BenchmarkTest00383,xss,true,79
BenchmarkTest00384,xss,true,79
BenchmarkTest00385,xss,true,79
BenchmarkTest00386,xss,false,79
BenchmarkTest00387,xss,true,79
BenchmarkTest00388,xss,true,79
BenchmarkTest00389,xss,false,79
BenchmarkTest00390,xss,true,79
BenchmarkTest00391,xss,false,79
BenchmarkTest00392,xss,true,79
BenchmarkTest00393,xss,false,79
BenchmarkTest00394,xss,false,79
BenchmarkTest00395,xss,true,79
BenchmarkTest00396,cmdi,false,78
BenchmarkTest00397,weakrand,true,330
BenchmarkTest00398,weakrand,true,330
BenchmarkTest00399,weakrand,true,330
BenchmarkTest00400,weakrand,true,330
BenchmarkTest00401,weakrand,true,330
BenchmarkTest00402,weakrand,true,330
BenchmarkTest00403,securecookie,true,614
BenchmarkTest00404,securecookie,false,614
BenchmarkTest00405,securecookie,false,614
BenchmarkTest00406,cmdi,false,78
BenchmarkTest00407,cmdi,true,78
BenchmarkTest00408,cmdi,false,78
BenchmarkTest00409,cmdi,true,78
BenchmarkTest00410,cmdi,false,78
BenchmarkTest00411,cmdi,false,78
BenchmarkTest00412,cmdi,false,78
BenchmarkTest00413,weakrand,false,330
BenchmarkTest00414,weakrand,false,330
BenchmarkTest00415,weakrand,false,330
BenchmarkTest00416,weakrand,false,330
BenchmarkTest00417,weakrand,false,330
BenchmarkTest00418,weakrand,false,330
BenchmarkTest00419,weakrand,false,330
BenchmarkTest00420,weakrand,false,330
BenchmarkTest00421,weakrand,false,330
BenchmarkTest00422,weakrand,false,330
BenchmarkTest00423,weakrand,false,330
BenchmarkTest00424,trustbound,true,501
BenchmarkTest00425,trustbound,true,501
BenchmarkTest00426,trustbound,true,501
BenchmarkTest00427,trustbound,true,501
BenchmarkTest00428,sqli,true,89
BenchmarkTest00429,sqli,true,89
BenchmarkTest00430,sqli,false,89
BenchmarkTest00431,sqli,true,89
BenchmarkTest00432,sqli,false,89
BenchmarkTest00433,sqli,true,89
BenchmarkTest00434,sqli,true,89
BenchmarkTest00435,sqli,true,89
BenchmarkTest00436,sqli,false,89
BenchmarkTest00437,sqli,false,89
BenchmarkTest00438,sqli,true,89
BenchmarkTest00439,sqli,true,89
BenchmarkTest00440,sqli,false,89
BenchmarkTest00441,sqli,true,89
BenchmarkTest00442,xpathi,true,643
BenchmarkTest00443,crypto,false,327
BenchmarkTest00444,crypto,false,327
BenchmarkTest00445,crypto,true,327
BenchmarkTest00446,crypto,true,327
BenchmarkTest00447,crypto,false,327
BenchmarkTest00448,crypto,true,327
BenchmarkTest00449,crypto,true,327
BenchmarkTest00450,crypto,false,327
BenchmarkTest00451,crypto,false,327
BenchmarkTest00452,pathtraver,true,22
BenchmarkTest00453,pathtraver,true,22
BenchmarkTest00454,pathtraver,false,22
BenchmarkTest00455,pathtraver,true,22
BenchmarkTest00456,pathtraver,true,22
BenchmarkTest00457,pathtraver,true,22
BenchmarkTest00458,pathtraver,false,22
BenchmarkTest00459,pathtraver,true,22
BenchmarkTest00460,pathtraver,false,22
BenchmarkTest00461,weakrand,true,330
BenchmarkTest00462,hash,true,328
BenchmarkTest00463,hash,false,328
BenchmarkTest00464,hash,true,328
BenchmarkTest00465,hash,true,328
BenchmarkTest00466,hash,false,328
BenchmarkTest00467,xss,true,79
BenchmarkTest00468,xss,false,79
BenchmarkTest00469,xss,false,79
BenchmarkTest00470,xss,false,79
BenchmarkTest00471,xss,false,79
BenchmarkTest00472,xss,true,79
BenchmarkTest00473,xss,true,79
BenchmarkTest00474,xss,false,79
BenchmarkTest00475,xss,true,79
BenchmarkTest00476,xss,false,79
BenchmarkTest00477,xss,true,79
BenchmarkTest00478,xss,true,79
BenchmarkTest00479,xss,false,79
BenchmarkTest00480,cmdi,true,78
BenchmarkTest00481,cmdi,false,78
BenchmarkTest00482,weakrand,true,330
BenchmarkTest00483,weakrand,true,330
BenchmarkTest00484,weakrand,true,330
BenchmarkTest00485,weakrand,true,330
BenchmarkTest00486,weakrand,true,330
BenchmarkTest00487,weakrand,true,330
BenchmarkTest00488,weakrand,true,330
BenchmarkTest00489,weakrand,true,330
BenchmarkTest00490,weakrand,true,330
BenchmarkTest00491,securecookie,true,614
BenchmarkTest00492,xss,true,79
BenchmarkTest00493,xss,false,79
BenchmarkTest00494,cmdi,false,78
BenchmarkTest00495,cmdi,true,78
BenchmarkTest00496,cmdi,true,78
BenchmarkTest00497,cmdi,true,78
BenchmarkTest00498,cmdi,true,78
BenchmarkTest00499,cmdi,true,78
BenchmarkTest00500,cmdi,true,78
BenchmarkTest00501,weakrand,false,330
BenchmarkTest00502,weakrand,false,330
BenchmarkTest00503,weakrand,false,330
BenchmarkTest00504,weakrand,false,330
BenchmarkTest00505,weakrand,false,330
BenchmarkTest00506,weakrand,false,330
BenchmarkTest00507,weakrand,false,330
BenchmarkTest00508,trustbound,true,501
BenchmarkTest00509,sqli,false,89
BenchmarkTest00510,sqli,true,89
BenchmarkTest00511,sqli,false,89
BenchmarkTest00512,sqli,true,89
BenchmarkTest00513,sqli,false,89
BenchmarkTest00514,sqli,false,89
BenchmarkTest00515,sqli,true,89
BenchmarkTest00516,sqli,true,89
BenchmarkTest00517,sqli,false,89
BenchmarkTest00518,sqli,true,89
BenchmarkTest00519,sqli,false,89
BenchmarkTest00520,xpathi,false,643
BenchmarkTest00521,crypto,true,327
BenchmarkTest00522,crypto,true,327
BenchmarkTest00523,crypto,false,327
BenchmarkTest00524,crypto,false,327
BenchmarkTest00525,pathtraver,true,22
BenchmarkTest00526,pathtraver,true,22
BenchmarkTest00527,pathtraver,true,22
BenchmarkTest00528,pathtraver,true,22
BenchmarkTest00529,pathtraver,true,22
BenchmarkTest00530,ldapi,false,90
BenchmarkTest00531,hash,true,328
BenchmarkTest00532,hash,true,328
BenchmarkTest00533,hash,true,328
BenchmarkTest00534,hash,true,328
BenchmarkTest00535,hash,false,328
BenchmarkTest00536,hash,true,328
BenchmarkTest00537,hash,true,328
BenchmarkTest00538,hash,false,328
BenchmarkTest00539,hash,false,328
BenchmarkTest00540,hash,false,328
BenchmarkTest00541,xss,true,79
BenchmarkTest00542,xss,true,79
BenchmarkTest00543,xss,true,79
BenchmarkTest00544,xss,false,79
BenchmarkTest00545,xss,false,79
BenchmarkTest00546,xss,false,79
BenchmarkTest00547,xss,true,79
BenchmarkTest00548,xss,false,79
BenchmarkTest00549,xss,true,79
BenchmarkTest00550,xss,false,79
BenchmarkTest00551,xss,true,79
BenchmarkTest00552,xss,true,79
BenchmarkTest00553,xss,false,79
BenchmarkTest00554,xss,true,79
BenchmarkTest00555,xss,true,79
BenchmarkTest00556,xss,false,79
BenchmarkTest00557,xss,true,79
BenchmarkTest00558,cmdi,false,78
BenchmarkTest00559,cmdi,false,78
BenchmarkTest00560,weakrand,true,330
BenchmarkTest00561,weakrand,true,330
BenchmarkTest00562,weakrand,true,330
BenchmarkTest00563,weakrand,true,330
BenchmarkTest00564,weakrand,true,330
BenchmarkTest00565,securecookie,true,614
BenchmarkTest00566,securecookie,true,614
BenchmarkTest00567,cmdi,true,78
BenchmarkTest00568,cmdi,true,78
BenchmarkTest00569,cmdi,false,78
BenchmarkTest00570,cmdi,false,78
BenchmarkTest00571,cmdi,false,78
BenchmarkTest00572,cmdi,false,78
BenchmarkTest00573,cmdi,true,78
BenchmarkTest00574,cmdi,true,78
BenchmarkTest00575,cmdi,true,78
BenchmarkTest00576,cmdi,true,78
BenchmarkTest00577,weakrand,false,330
BenchmarkTest00578,weakrand,false,330
BenchmarkTest00579,weakrand,false,330
BenchmarkTest00580,weakrand,false,330
BenchmarkTest00581,weakrand,false,330
BenchmarkTest00582,weakrand,false,330
BenchmarkTest00583,weakrand,false,330
BenchmarkTest00584,weakrand,false,330
BenchmarkTest00585,weakrand,false,330
BenchmarkTest00586,trustbound,false,501
BenchmarkTest00587,trustbound,true,501
BenchmarkTest00588,trustbound,true,501
BenchmarkTest00589,sqli,false,89
BenchmarkTest00590,sqli,true,89
BenchmarkTest00591,sqli,true,89
BenchmarkTest00592,sqli,false,89
BenchmarkTest00593,sqli,true,89
BenchmarkTest00594,sqli,true,89
BenchmarkTest00595,sqli,true,89
BenchmarkTest00596,sqli,true,89
BenchmarkTest00597,sqli,true,89
BenchmarkTest00598,sqli,true,89
BenchmarkTest00599,sqli,false,89
BenchmarkTest00600,sqli,true,89
BenchmarkTest00601,sqli,false,89
BenchmarkTest00602,sqli,false,89
BenchmarkTest00603,sqli,true,89
BenchmarkTest00604,sqli,true,89
BenchmarkTest00605,sqli,false,89
BenchmarkTest00606,sqli,true,89
BenchmarkTest00607,xpathi,true,643
BenchmarkTest00608,crypto,true,327
BenchmarkTest00609,crypto,true,327
BenchmarkTest00610,crypto,true,327
BenchmarkTest00611,crypto,true,327
BenchmarkTest00612,crypto,false,327
BenchmarkTest00613,crypto,false,327
BenchmarkTest00614,crypto,true,327
BenchmarkTest00615,crypto,true,327
BenchmarkTest00616,crypto,true,327
BenchmarkTest00617,crypto,true,327
BenchmarkTest00618,crypto,false,327
BenchmarkTest00619,pathtraver,true,22
BenchmarkTest00620,pathtraver,false,22
BenchmarkTest00621,pathtraver,false,22
BenchmarkTest00622,pathtraver,false,22
BenchmarkTest00623,pathtraver,true,22
BenchmarkTest00624,pathtraver,true,22
BenchmarkTest00625,pathtraver,false,22
BenchmarkTest00626,pathtraver,false,22
BenchmarkTest00627,pathtraver,true,22
BenchmarkTest00628,pathtraver,false,22
BenchmarkTest00629,pathtraver,true,22
BenchmarkTest00630,ldapi,true,90
BenchmarkTest00631,hash,true,328
BenchmarkTest00632,hash,false,328
BenchmarkTest00633,hash,false,328
BenchmarkTest00634,hash,true,328
BenchmarkTest00635,hash,true,328
BenchmarkTest00636,hash,true,328
BenchmarkTest00637,hash,true,328
BenchmarkTest00638,hash,true,328
BenchmarkTest00639,hash,false,328
BenchmarkTest00640,hash,false,328
BenchmarkTest00641,hash,false,328
BenchmarkTest00642,xss,true,79
BenchmarkTest00643,xss,true,79
BenchmarkTest00644,xss,true,79
BenchmarkTest00645,xss,true,79
BenchmarkTest00646,xss,false,79
BenchmarkTest00647,xss,false,79
BenchmarkTest00648,xss,false,79
BenchmarkTest00649,xss,false,79
BenchmarkTest00650,xss,false,79
BenchmarkTest00651,xss,true,79
BenchmarkTest00652,weakrand,true,330
BenchmarkTest00653,weakrand,true,330
BenchmarkTest00654,weakrand,true,330
BenchmarkTest00655,securecookie,false,614
BenchmarkTest00656,xss,true,79
BenchmarkTest00657,cmdi,false,78
BenchmarkTest00658,cmdi,false,78
BenchmarkTest00659,cmdi,false,78
BenchmarkTest00660,weakrand,false,330
BenchmarkTest00661,weakrand,false,330
BenchmarkTest00662,weakrand,false,330
BenchmarkTest00663,weakrand,false,330
BenchmarkTest00664,weakrand,false,330
BenchmarkTest00665,weakrand,false,330
BenchmarkTest00666,weakrand,false,330
BenchmarkTest00667,weakrand,false,330
BenchmarkTest00668,trustbound,true,501
BenchmarkTest00669,trustbound,false,501
BenchmarkTest00670,trustbound,true,501
BenchmarkTest00671,trustbound,true,501
BenchmarkTest00672,sqli,false,89
BenchmarkTest00673,sqli,true,89
BenchmarkTest00674,sqli,false,89
BenchmarkTest00675,sqli,false,89
BenchmarkTest00676,sqli,false,89
BenchmarkTest00677,sqli,true,89
BenchmarkTest00678,sqli,true,89
BenchmarkTest00679,sqli,true,89
BenchmarkTest00680,sqli,false,89
BenchmarkTest00681,sqli,true,89
BenchmarkTest00682,sqli,false,89
BenchmarkTest00683,xpathi,false,643
BenchmarkTest00684,crypto,true,327
BenchmarkTest00685,crypto,true,327
BenchmarkTest00686,crypto,false,327
BenchmarkTest00687,crypto,false,327
BenchmarkTest00688,crypto,true,327
BenchmarkTest00689,crypto,false,327
BenchmarkTest00690,crypto,false,327
BenchmarkTest00691,crypto,true,327
BenchmarkTest00692,crypto,true,327
BenchmarkTest00693,crypto,true,327
BenchmarkTest00694,ldapi,true,90
BenchmarkTest00695,ldapi,true,90
BenchmarkTest00696,pathtraver,true,22
BenchmarkTest00697,pathtraver,true,22
BenchmarkTest00698,pathtraver,true,22
BenchmarkTest00699,pathtraver,false,22
BenchmarkTest00700,pathtraver,true,22
BenchmarkTest00701,ldapi,false,90
BenchmarkTest00702,weakrand,true,330
BenchmarkTest00703,hash,true,328
BenchmarkTest00704,hash,true,328
BenchmarkTest00705,hash,true,328
BenchmarkTest00706,hash,false,328
BenchmarkTest00707,hash,false,328
BenchmarkTest00708,hash,true,328
BenchmarkTest00709,hash,false,328
BenchmarkTest00710,hash,true,328
BenchmarkTest00711,xss,true,79
BenchmarkTest00712,xss,false,79
BenchmarkTest00713,xss,false,79
BenchmarkTest00714,xss,false,79
BenchmarkTest00715,xss,true,79
BenchmarkTest00716,xss,false,79
BenchmarkTest00717,xss,false,79
BenchmarkTest00718,xss,false,79
BenchmarkTest00719,xss,true,79
BenchmarkTest00720,xss,true,79
BenchmarkTest00721,xss,true,79
BenchmarkTest00722,xss,false,79
BenchmarkTest00723,xss,false,79
BenchmarkTest00724,xss,true,79
BenchmarkTest00725,xss,true,79
BenchmarkTest00726,xss,false,79
BenchmarkTest00727,xss,true,79
BenchmarkTest00728,xss,true,79
BenchmarkTest00729,xss,true,79
BenchmarkTest00730,xss,false,79
BenchmarkTest00731,cmdi,true,78
BenchmarkTest00732,cmdi,false,78
BenchmarkTest00733,weakrand,true,330
BenchmarkTest00734,weakrand,true,330
BenchmarkTest00735,weakrand,true,330
BenchmarkTest00736,securecookie,true,614
BenchmarkTest00737,xss,true,79
BenchmarkTest00738,cmdi,false,78
BenchmarkTest00739,cmdi,false,78
BenchmarkTest00740,cmdi,true,78
BenchmarkTest00741,cmdi,false,78
BenchmarkTest00742,cmdi,false,78
BenchmarkTest00743,cmdi,false,78
BenchmarkTest00744,weakrand,false,330
BenchmarkTest00745,weakrand,false,330
BenchmarkTest00746,weakrand,false,330
BenchmarkTest00747,weakrand,false,330
BenchmarkTest00748,weakrand,false,330
BenchmarkTest00749,weakrand,false,330
BenchmarkTest00750,weakrand,false,330
BenchmarkTest00751,weakrand,false,330
BenchmarkTest00752,weakrand,false,330
BenchmarkTest00753,weakrand,false,330
BenchmarkTest00754,trustbound,true,501
BenchmarkTest00755,trustbound,false,501
BenchmarkTest00756,trustbound,true,501
BenchmarkTest00757,trustbound,true,501
BenchmarkTest00758,trustbound,false,501
BenchmarkTest00759,trustbound,true,501
BenchmarkTest00760,sqli,true,89
BenchmarkTest00761,sqli,true,89
BenchmarkTest00762,sqli,true,89
BenchmarkTest00763,sqli,false,89
BenchmarkTest00764,sqli,true,89
BenchmarkTest00765,sqli,true,89
BenchmarkTest00766,sqli,false,89
BenchmarkTest00767,sqli,true,89
BenchmarkTest00768,sqli,true,89
BenchmarkTest00769,sqli,true,89
BenchmarkTest00770,sqli,true,89
BenchmarkTest00771,sqli,true,89
BenchmarkTest00772,sqli,false,89
BenchmarkTest00773,sqli,false,89
BenchmarkTest00774,sqli,false,89
BenchmarkTest00775,crypto,false,327
BenchmarkTest00776,crypto,false,327
BenchmarkTest00777,crypto,false,327
BenchmarkTest00778,crypto,false,327
BenchmarkTest00779,crypto,true,327
BenchmarkTest00780,crypto,false,327
BenchmarkTest00781,crypto,true,327
BenchmarkTest00782,crypto,false,327
BenchmarkTest00783,pathtraver,true,22
BenchmarkTest00784,pathtraver,false,22
BenchmarkTest00785,pathtraver,true,22
BenchmarkTest00786,pathtraver,false,22
BenchmarkTest00787,pathtraver,true,22
BenchmarkTest00788,pathtraver,true,22
BenchmarkTest00789,hash,true,328
BenchmarkTest00790,hash,true,328
BenchmarkTest00791,hash,false,328
BenchmarkTest00792,hash,false,328
BenchmarkTest00793,hash,false,328
BenchmarkTest00794,hash,true,328
BenchmarkTest00795,hash,false,328
BenchmarkTest00796,hash,true,328
BenchmarkTest00797,hash,true,328
BenchmarkTest00798,hash,false,328
BenchmarkTest00799,xss,false,79
BenchmarkTest00800,xss,true,79
BenchmarkTest00801,xss,true,79
BenchmarkTest00802,xss,true,79
BenchmarkTest00803,xss,true,79
BenchmarkTest00804,xss,true,79
BenchmarkTest00805,xss,true,79
BenchmarkTest00806,xss,true,79
BenchmarkTest00807,xss,true,79
BenchmarkTest00808,xss,false,79
BenchmarkTest00809,xss,true,79
BenchmarkTest00810,xss,true,79
BenchmarkTest00811,xss,true,79
BenchmarkTest00812,xss,false,79
BenchmarkTest00813,xss,false,79
BenchmarkTest00814,cmdi,false,78
BenchmarkTest00815,cmdi,true,78
BenchmarkTest00816,cmdi,true,78
BenchmarkTest00817,weakrand,true,330
BenchmarkTest00818,weakrand,true,330
BenchmarkTest00819,weakrand,true,330
BenchmarkTest00820,securecookie,true,614
BenchmarkTest00821,securecookie,true,614
BenchmarkTest00822,xss,true,79
BenchmarkTest00823,cmdi,true,78
BenchmarkTest00824,cmdi,true,78
BenchmarkTest00825,cmdi,true,78
BenchmarkTest00826,cmdi,false,78
BenchmarkTest00827,cmdi,false,78
BenchmarkTest00828,weakrand,false,330
BenchmarkTest00829,weakrand,false,330
BenchmarkTest00830,weakrand,false,330
BenchmarkTest00831,weakrand,false,330
BenchmarkTest00832,weakrand,false,330
BenchmarkTest00833,trustbound,true,501
BenchmarkTest00834,trustbound,true,501
BenchmarkTest00835,trustbound,false,501
BenchmarkTest00836,trustbound,true,501
BenchmarkTest00837,sqli,false,89
BenchmarkTest00838,sqli,false,89
BenchmarkTest00839,sqli,true,89
BenchmarkTest00840,sqli,true,89
BenchmarkTest00841,sqli,true,89
BenchmarkTest00842,sqli,true,89
BenchmarkTest00843,sqli,true,89
BenchmarkTest00844,sqli,false,89
BenchmarkTest00845,sqli,true,89
BenchmarkTest00846,sqli,true,89
BenchmarkTest00847,sqli,true,89
BenchmarkTest00848,sqli,true,89
BenchmarkTest00849,sqli,true,89
BenchmarkTest00850,sqli,true,89
BenchmarkTest00851,sqli,false,89
BenchmarkTest00852,xpathi,false,643
BenchmarkTest00853,crypto,true,327
BenchmarkTest00854,crypto,false,327
BenchmarkTest00855,crypto,true,327
BenchmarkTest00856,crypto,true,327
BenchmarkTest00857,crypto,true,327
BenchmarkTest00858,crypto,false,327
BenchmarkTest00859,crypto,true,327
BenchmarkTest00860,ldapi,false,90
BenchmarkTest00861,ldapi,false,90
BenchmarkTest00862,pathtraver,false,22
BenchmarkTest00863,pathtraver,false,22
BenchmarkTest00864,pathtraver,false,22
BenchmarkTest00865,pathtraver,false,22
BenchmarkTest00866,pathtraver,false,22
BenchmarkTest00867,pathtraver,false,22
BenchmarkTest00868,hash,true,328
BenchmarkTest00869,hash,true,328
BenchmarkTest00870,hash,true,328
BenchmarkTest00871,hash,true,328
BenchmarkTest00872,hash,true,328
BenchmarkTest00873,hash,false,328
BenchmarkTest00874,hash,false,328
BenchmarkTest00875,hash,true,328
BenchmarkTest00876,hash,true,328
BenchmarkTest00877,hash,false,328
BenchmarkTest00878,hash,false,328
BenchmarkTest00879,xss,false,79
BenchmarkTest00880,xss,false,79
BenchmarkTest00881,xss,false,79
BenchmarkTest00882,xss,false,79
BenchmarkTest00883,xss,false,79
BenchmarkTest00884,xss,false,79
BenchmarkTest00885,xss,false,79
BenchmarkTest00886,xss,false,79
BenchmarkTest00887,xss,false,79
BenchmarkTest00888,xss,false,79
BenchmarkTest00889,xss,false,79
BenchmarkTest00890,xss,false,79
BenchmarkTest00891,xss,false,79
BenchmarkTest00892,xss,false,79
BenchmarkTest00893,xss,false,79
BenchmarkTest00894,xss,false,79
BenchmarkTest00895,cmdi,false,78
BenchmarkTest00896,cmdi,false,78
BenchmarkTest00897,cmdi,false,78
BenchmarkTest00898,weakrand,true,330
BenchmarkTest00899,weakrand,true,330
BenchmarkTest00900,weakrand,true,330
BenchmarkTest00901,weakrand,true,330
BenchmarkTest00902,weakrand,true,330
BenchmarkTest00903,securecookie,true,614
BenchmarkTest00904,securecookie,false,614
BenchmarkTest00905,cmdi,false,78
BenchmarkTest00906,cmdi,false,78
BenchmarkTest00907,cmdi,false,78
BenchmarkTest00908,cmdi,false,78
BenchmarkTest00909,cmdi,false,78
BenchmarkTest00910,cmdi,false,78
BenchmarkTest00911,weakrand,false,330
BenchmarkTest00912,weakrand,false,330
BenchmarkTest00913,weakrand,false,330
BenchmarkTest00914,weakrand,false,330
BenchmarkTest00915,weakrand,false,330
BenchmarkTest00916,weakrand,false,330
BenchmarkTest00917,weakrand,false,330
BenchmarkTest00918,weakrand,false,330
BenchmarkTest00919,weakrand,false,330
BenchmarkTest00920,weakrand,false,330
BenchmarkTest00921,weakrand,false,330
BenchmarkTest00922,trustbound,false,501
BenchmarkTest00923,trustbound,false,501
BenchmarkTest00924,sqli,false,89
BenchmarkTest00925,sqli,false,89
BenchmarkTest00926,sqli,false,89
BenchmarkTest00927,sqli,false,89
BenchmarkTest00928,sqli,false,89
BenchmarkTest00929,sqli,false,89
BenchmarkTest00930,sqli,false,89
BenchmarkTest00931,sqli,false,89
BenchmarkTest00932,sqli,false,89
BenchmarkTest00933,sqli,false,89
BenchmarkTest00934,sqli,false,89
BenchmarkTest00935,sqli,false,89
BenchmarkTest00936,sqli,false,89
BenchmarkTest00937,sqli,false,89
BenchmarkTest00938,sqli,false,89
BenchmarkTest00939,sqli,false,89
BenchmarkTest00940,sqli,false,89
BenchmarkTest00941,xpathi,false,643
BenchmarkTest00942,crypto,false,327
BenchmarkTest00943,crypto,false,327
BenchmarkTest00944,crypto,false,327
BenchmarkTest00945,crypto,true,327
BenchmarkTest00946,crypto,true,327
BenchmarkTest00947,ldapi,true,90
BenchmarkTest00948,ldapi,false,90
BenchmarkTest00949,pathtraver,true,22
BenchmarkTest00950,pathtraver,true,22
BenchmarkTest00951,pathtraver,false,22
BenchmarkTest00952,pathtraver,true,22
BenchmarkTest00953,pathtraver,true,22
BenchmarkTest00954,pathtraver,false,22
BenchmarkTest00955,pathtraver,false,22
BenchmarkTest00956,pathtraver,true,22
BenchmarkTest00957,pathtraver,false,22
BenchmarkTest00958,pathtraver,false,22
BenchmarkTest00959,ldapi,true,90
BenchmarkTest00960,weakrand,true,330
BenchmarkTest00961,hash,true,328
BenchmarkTest00962,hash,false,328
BenchmarkTest00963,hash,true,328
BenchmarkTest00964,hash,false,328
BenchmarkTest00965,hash,false,328
BenchmarkTest00966,hash,false,328
BenchmarkTest00967,hash,false,328
BenchmarkTest00968,cmdi,true,78
BenchmarkTest00969,cmdi,false,78
BenchmarkTest00970,cmdi,false,78
BenchmarkTest00971,weakrand,true,330
BenchmarkTest00972,weakrand,true,330
BenchmarkTest00973,weakrand,true,330
BenchmarkTest00974,weakrand,true,330
BenchmarkTest00975,weakrand,true,330
BenchmarkTest00976,weakrand,true,330
BenchmarkTest00977,securecookie,true,614
BenchmarkTest00978,cmdi,false,78
BenchmarkTest00979,cmdi,true,78
BenchmarkTest00980,cmdi,false,78
BenchmarkTest00981,cmdi,true,78
BenchmarkTest00982,cmdi,false,78
BenchmarkTest00983,cmdi,true,78
BenchmarkTest00984,weakrand,false,330
BenchmarkTest00985,weakrand,false,330
BenchmarkTest00986,weakrand,false,330
BenchmarkTest00987,weakrand,false,330
BenchmarkTest00988,weakrand,false,330
BenchmarkTest00989,weakrand,false,330
BenchmarkTest00990,weakrand,false,330
BenchmarkTest00991,trustbound,true,501
BenchmarkTest00992,trustbound,false,501
BenchmarkTest00993,trustbound,false,501
BenchmarkTest00994,trustbound,true,501
BenchmarkTest00995,trustbound,true,501
BenchmarkTest00996,sqli,true,89
BenchmarkTest00997,sqli,true,89
BenchmarkTest00998,sqli,true,89
BenchmarkTest00999,sqli,false,89
BenchmarkTest01000,sqli,true,89
BenchmarkTest01001,sqli,false,89
BenchmarkTest01002,sqli,true,89
BenchmarkTest01003,sqli,true,89
BenchmarkTest01004,sqli,true,89
BenchmarkTest01005,sqli,true,89
BenchmarkTest01006,sqli,true,89
BenchmarkTest01007,sqli,true,89
BenchmarkTest01008,sqli,true,89
BenchmarkTest01009,sqli,true,89
BenchmarkTest01010,sqli,false,89
BenchmarkTest01011,sqli,true,89
BenchmarkTest01012,sqli,false,89
BenchmarkTest01013,xpathi,false,643
BenchmarkTest01014,xpathi,false,643
BenchmarkTest01015,crypto,true,327
BenchmarkTest01016,crypto,true,327
BenchmarkTest01017,crypto,true,327
BenchmarkTest01018,crypto,true,327
BenchmarkTest01019,crypto,false,327
BenchmarkTest01020,crypto,true,327
BenchmarkTest01021,crypto,false,327
BenchmarkTest01022,crypto,false,327
BenchmarkTest01023,ldapi,true,90
BenchmarkTest01024,ldapi,false,90
BenchmarkTest01025,pathtraver,true,22
BenchmarkTest01026,pathtraver,false,22
BenchmarkTest01027,pathtraver,false,22
BenchmarkTest01028,pathtraver,false,22
BenchmarkTest01029,pathtraver,true,22
BenchmarkTest01030,pathtraver,false,22
BenchmarkTest01031,pathtraver,false,22
BenchmarkTest01032,pathtraver,true,22
BenchmarkTest01033,pathtraver,true,22
BenchmarkTest01034,pathtraver,true,22
BenchmarkTest01035,pathtraver,false,22
BenchmarkTest01036,pathtraver,false,22
BenchmarkTest01037,hash,false,328
BenchmarkTest01038,hash,true,328
BenchmarkTest01039,hash,false,328
BenchmarkTest01040,hash,false,328
BenchmarkTest01041,hash,true,328
BenchmarkTest01042,hash,true,328
BenchmarkTest01043,hash,true,328
BenchmarkTest01044,hash,true,328
BenchmarkTest01045,hash,false,328
BenchmarkTest01046,xss,true,79
BenchmarkTest01047,xss,true,79
BenchmarkTest01048,xss,false,79
BenchmarkTest01049,xss,true,79
BenchmarkTest01050,xss,true,79
BenchmarkTest01051,xss,false,79
BenchmarkTest01052,xss,false,79
BenchmarkTest01053,xss,false,79
BenchmarkTest01054,xss,false,79
BenchmarkTest01055,xss,true,79
BenchmarkTest01056,xss,true,79
BenchmarkTest01057,xss,true,79
BenchmarkTest01058,weakrand,true,330
BenchmarkTest01059,weakrand,true,330
BenchmarkTest01060,weakrand,true,330
BenchmarkTest01061,securecookie,true,614
BenchmarkTest01062,securecookie,false,614
BenchmarkTest01063,xss,true,79
BenchmarkTest01064,cmdi,true,78
BenchmarkTest01065,cmdi,false,78
BenchmarkTest01066,cmdi,true,78
BenchmarkTest01067,cmdi,false,78
BenchmarkTest01068,cmdi,false,78
BenchmarkTest01069,weakrand,false,330
BenchmarkTest01070,weakrand,false,330
BenchmarkTest01071,weakrand,false,330
BenchmarkTest01072,weakrand,false,330
BenchmarkTest01073,weakrand,false,330
BenchmarkTest01074,weakrand,false,330
BenchmarkTest01075,weakrand,false,330
BenchmarkTest01076,weakrand,false,330
BenchmarkTest01077,weakrand,false,330
BenchmarkTest01078,weakrand,false,330
BenchmarkTest01079,weakrand,false,330
BenchmarkTest01080,trustbound,false,501
BenchmarkTest01081,trustbound,true,501
BenchmarkTest01082,trustbound,true,501
BenchmarkTest01083,sqli,true,89
BenchmarkTest01084,sqli,true,89
BenchmarkTest01085,sqli,false,89
BenchmarkTest01086,sqli,false,89
BenchmarkTest01087,sqli,true,89
BenchmarkTest01088,sqli,true,89
BenchmarkTest01089,sqli,false,89
BenchmarkTest01090,sqli,true,89
BenchmarkTest01091,sqli,true,89
BenchmarkTest01092,sqli,false,89
BenchmarkTest01093,sqli,true,89
BenchmarkTest01094,sqli,true,89
BenchmarkTest01095,sqli,false,89
BenchmarkTest01096,sqli,false,89
BenchmarkTest01097,sqli,true,89
BenchmarkTest01098,sqli,false,89
BenchmarkTest01099,crypto,true,327
BenchmarkTest01100,crypto,false,327
BenchmarkTest01101,crypto,false,327
BenchmarkTest01102,crypto,true,327
BenchmarkTest01103,crypto,true,327
BenchmarkTest01104,crypto,false,327
BenchmarkTest01105,crypto,true,327
BenchmarkTest01106,crypto,true,327
BenchmarkTest01107,crypto,true,327
BenchmarkTest01108,crypto,false,327
BenchmarkTest01109,pathtraver,false,22
BenchmarkTest01110,pathtraver,false,22
BenchmarkTest01111,pathtraver,true,22
BenchmarkTest01112,pathtraver,true,22
BenchmarkTest01113,pathtraver,false,22
BenchmarkTest01114,pathtraver,false,22
BenchmarkTest01115,pathtraver,false,22
BenchmarkTest01116,pathtraver,true,22
BenchmarkTest01117,pathtraver,true,22
BenchmarkTest01118,pathtraver,false,22
BenchmarkTest01119,weakrand,true,330
BenchmarkTest01120,hash,false,328
BenchmarkTest01121,hash,false,328
BenchmarkTest01122,hash,false,328
BenchmarkTest01123,hash,true,328
BenchmarkTest01124,hash,true,328
BenchmarkTest01125,hash,false,328
BenchmarkTest01126,hash,false,328
BenchmarkTest01127,weakrand,true,330
BenchmarkTest01128,weakrand,true,330
BenchmarkTest01129,weakrand,true,330
BenchmarkTest01130,weakrand,true,330
BenchmarkTest01131,weakrand,true,330
BenchmarkTest01132,weakrand,true,330
BenchmarkTest01133,weakrand,true,330
BenchmarkTest01134,securecookie,true,614
BenchmarkTest01135,weakrand,false,330
BenchmarkTest01136,weakrand,false,330
BenchmarkTest01137,weakrand,false,330
BenchmarkTest01138,weakrand,false,330
BenchmarkTest01139,weakrand,false,330
BenchmarkTest01140,weakrand,false,330
BenchmarkTest01141,weakrand,false,330
BenchmarkTest01142,trustbound,false,501
BenchmarkTest01143,trustbound,true,501
BenchmarkTest01144,trustbound,false,501
BenchmarkTest01145,trustbound,false,501
BenchmarkTest01146,trustbound,false,501
BenchmarkTest01147,crypto,false,327
BenchmarkTest01148,crypto,true,327
BenchmarkTest01149,crypto,true,327
BenchmarkTest01150,crypto,true,327
BenchmarkTest01151,crypto,false,327
BenchmarkTest01152,crypto,false,327
BenchmarkTest01153,crypto,false,327
BenchmarkTest01154,ldapi,false,90
BenchmarkTest01155,pathtraver,true,22
BenchmarkTest01156,pathtraver,true,22
BenchmarkTest01157,pathtraver,true,22
BenchmarkTest01158,pathtraver,false,22
BenchmarkTest01159,pathtraver,false,22
BenchmarkTest01160,pathtraver,false,22
BenchmarkTest01161,pathtraver,true,22
BenchmarkTest01162,weakrand,true,330
BenchmarkTest01163,weakrand,true,330
BenchmarkTest01164,hash,false,328
BenchmarkTest01165,hash,true,328
BenchmarkTest01166,hash,true,328
BenchmarkTest01167,hash,true,328
BenchmarkTest01168,hash,true,328
BenchmarkTest01169,hash,false,328
BenchmarkTest01170,hash,false,328
BenchmarkTest01171,xss,true,79
BenchmarkTest01172,xss,true,79
BenchmarkTest01173,xss,true,79
BenchmarkTest01174,xss,true,79
BenchmarkTest01175,xss,false,79
BenchmarkTest01176,xss,false,79
BenchmarkTest01177,xss,true,79
BenchmarkTest01178,xss,true,79
BenchmarkTest01179,xss,true,79
BenchmarkTest01180,xss,false,79
BenchmarkTest01181,xss,true,79
BenchmarkTest01182,cmdi,false,78
BenchmarkTest01183,weakrand,true,330
BenchmarkTest01184,weakrand,true,330
BenchmarkTest01185,securecookie,true,614
BenchmarkTest01186,securecookie,true,614
BenchmarkTest01187,securecookie,true,614
BenchmarkTest01188,xss,false,79
BenchmarkTest01189,cmdi,false,78
BenchmarkTest01190,cmdi,true,78
BenchmarkTest01191,cmdi,true,78
BenchmarkTest01192,cmdi,true,78
BenchmarkTest01193,cmdi,false,78
BenchmarkTest01194,cmdi,true,78
BenchmarkTest01195,weakrand,false,330
BenchmarkTest01196,weakrand,false,330
BenchmarkTest01197,weakrand,false,330
BenchmarkTest01198,weakrand,false,330
BenchmarkTest01199,weakrand,false,330
BenchmarkTest01200,weakrand,false,330
BenchmarkTest01201,weakrand,false,330
BenchmarkTest01202,weakrand,false,330
BenchmarkTest01203,trustbound,true,501
BenchmarkTest01204,trustbound,true,501
BenchmarkTest01205,trustbound,false,501
BenchmarkTest01206,trustbound,true,501
BenchmarkTest01207,trustbound,false,501
BenchmarkTest01208,sqli,true,89
BenchmarkTest01209,sqli,true,89
BenchmarkTest01210,sqli,true,89
BenchmarkTest01211,sqli,true,89
BenchmarkTest01212,sqli,false,89
BenchmarkTest01213,sqli,false,89
BenchmarkTest01214,sqli,true,89
BenchmarkTest01215,sqli,false,89
BenchmarkTest01216,sqli,false,89
BenchmarkTest01217,sqli,false,89
BenchmarkTest01218,sqli,false,89
BenchmarkTest01219,sqli,false,89
BenchmarkTest01220,sqli,false,89
BenchmarkTest01221,sqli,true,89
BenchmarkTest01222,sqli,true,89
BenchmarkTest01223,xpathi,true,643
BenchmarkTest01224,xpathi,true,643
BenchmarkTest01225,xpathi,false,643
BenchmarkTest01226,crypto,false,327
BenchmarkTest01227,crypto,false,327
BenchmarkTest01228,crypto,true,327
BenchmarkTest01229,crypto,true,327
BenchmarkTest01230,crypto,true,327
BenchmarkTest01231,pathtraver,true,22
BenchmarkTest01232,pathtraver,true,22
BenchmarkTest01233,pathtraver,false,22
BenchmarkTest01234,pathtraver,true,22
BenchmarkTest01235,pathtraver,true,22
BenchmarkTest01236,pathtraver,true,22
BenchmarkTest01237,pathtraver,false,22
BenchmarkTest01238,pathtraver,true,22
BenchmarkTest01239,pathtraver,false,22
BenchmarkTest01240,pathtraver,false,22
BenchmarkTest01241,ldapi,true,90
BenchmarkTest01242,ldapi,true,90
BenchmarkTest01243,ldapi,true,90
BenchmarkTest01244,hash,true,328
BenchmarkTest01245,hash,false,328
BenchmarkTest01246,hash,true,328
BenchmarkTest01247,hash,true,328
BenchmarkTest01248,hash,true,328
BenchmarkTest01249,hash,false,328
BenchmarkTest01250,hash,false,328
BenchmarkTest01251,xss,false,79
BenchmarkTest01252,xss,false,79
BenchmarkTest01253,xss,true,79
BenchmarkTest01254,xss,true,79
BenchmarkTest01255,xss,false,79
BenchmarkTest01256,xss,false,79
BenchmarkTest01257,xss,true,79
BenchmarkTest01258,xss,true,79
BenchmarkTest01259,xss,true,79
BenchmarkTest01260,xss,true,79
BenchmarkTest01261,xss,true,79
BenchmarkTest01262,xss,true,79
BenchmarkTest01263,xss,true,79
BenchmarkTest01264,xss,false,79
BenchmarkTest01265,xss,false,79
BenchmarkTest01266,xss,true,79
BenchmarkTest01267,xss,true,79
BenchmarkTest01268,xss,true,79
BenchmarkTest01269,cmdi,false,78
BenchmarkTest01270,cmdi,true,78
BenchmarkTest01271,weakrand,true,330
BenchmarkTest01272,weakrand,true,330
BenchmarkTest01273,weakrand,true,330
BenchmarkTest01274,weakrand,true,330
BenchmarkTest01275,weakrand,true,330
BenchmarkTest01276,weakrand,true,330
BenchmarkTest01277,weakrand,true,330
BenchmarkTest01278,weakrand,true,330
BenchmarkTest01279,weakrand,true,330
BenchmarkTest01280,securecookie,true,614
BenchmarkTest01281,securecookie,true,614
BenchmarkTest01282,securecookie,true,614
BenchmarkTest01283,securecookie,true,614
BenchmarkTest01284,xss,true,79
BenchmarkTest01285,cmdi,true,78
BenchmarkTest01286,cmdi,true,78
BenchmarkTest01287,cmdi,true,78
BenchmarkTest01288,cmdi,true,78
BenchmarkTest01289,cmdi,false,78
BenchmarkTest01290,cmdi,false,78
BenchmarkTest01291,weakrand,false,330
BenchmarkTest01292,weakrand,false,330
BenchmarkTest01293,weakrand,false,330
BenchmarkTest01294,weakrand,false,330
BenchmarkTest01295,weakrand,false,330
BenchmarkTest01296,weakrand,false,330
BenchmarkTest01297,weakrand,false,330
BenchmarkTest01298,weakrand,false,330
BenchmarkTest01299,trustbound,true,501
BenchmarkTest01300,trustbound,false,501
BenchmarkTest01301,sqli,false,89
BenchmarkTest01302,sqli,true,89
BenchmarkTest01303,sqli,false,89
BenchmarkTest01304,sqli,true,89
BenchmarkTest01305,sqli,false,89
BenchmarkTest01306,sqli,true,89
BenchmarkTest01307,sqli,false,89
BenchmarkTest01308,sqli,true,89
BenchmarkTest01309,sqli,false,89
BenchmarkTest01310,sqli,false,89
BenchmarkTest01311,sqli,true,89
BenchmarkTest01312,sqli,true,89
BenchmarkTest01313,sqli,true,89
BenchmarkTest01314,sqli,true,89
BenchmarkTest01315,sqli,false,89
BenchmarkTest01316,xpathi,true,643
BenchmarkTest01317,crypto,true,327
BenchmarkTest01318,crypto,true,327
BenchmarkTest01319,crypto,false,327
BenchmarkTest01320,crypto,true,327
BenchmarkTest01321,crypto,false,327
BenchmarkTest01322,crypto,true,327
BenchmarkTest01323,crypto,true,327
BenchmarkTest01324,crypto,false,327
BenchmarkTest01325,crypto,true,327
BenchmarkTest01326,ldapi,true,90
BenchmarkTest01327,ldapi,false,90
BenchmarkTest01328,pathtraver,false,22
BenchmarkTest01329,pathtraver,true,22
BenchmarkTest01330,pathtraver,true,22
BenchmarkTest01331,pathtraver,false,22
BenchmarkTest01332,hash,false,328
BenchmarkTest01333,hash,true,328
BenchmarkTest01334,hash,true,328
BenchmarkTest01335,xss,true,79
BenchmarkTest01336,xss,false,79
BenchmarkTest01337,xss,true,79
BenchmarkTest01338,xss,false,79
BenchmarkTest01339,xss,false,79
BenchmarkTest01340,xss,false,79
BenchmarkTest01341,xss,false,79
BenchmarkTest01342,xss,false,79
BenchmarkTest01343,xss,false,79
BenchmarkTest01344,xss,false,79
BenchmarkTest01345,xss,false,79
BenchmarkTest01346,xss,true,79
BenchmarkTest01347,xss,true,79
BenchmarkTest01348,xss,false,79
BenchmarkTest01349,xss,true,79
BenchmarkTest01350,xss,true,79
BenchmarkTest01351,xss,false,79
BenchmarkTest01352,xss,false,79
BenchmarkTest01353,cmdi,false,78
BenchmarkTest01354,weakrand,true,330
BenchmarkTest01355,weakrand,true,330
BenchmarkTest01356,weakrand,true,330
BenchmarkTest01357,weakrand,true,330
BenchmarkTest01358,weakrand,true,330
BenchmarkTest01359,securecookie,false,614
BenchmarkTest01360,cmdi,true,78
BenchmarkTest01361,cmdi,true,78
BenchmarkTest01362,cmdi,true,78
BenchmarkTest01363,cmdi,true,78
BenchmarkTest01364,cmdi,false,78
BenchmarkTest01365,cmdi,false,78
BenchmarkTest01366,weakrand,false,330
BenchmarkTest01367,weakrand,false,330
BenchmarkTest01368,weakrand,false,330
BenchmarkTest01369,weakrand,false,330
BenchmarkTest01370,weakrand,false,330
BenchmarkTest01371,weakrand,false,330
BenchmarkTest01372,weakrand,false,330
BenchmarkTest01373,weakrand,false,330
BenchmarkTest01374,trustbound,true,501
BenchmarkTest01375,trustbound,true,501
BenchmarkTest01376,trustbound,true,501
BenchmarkTest01377,trustbound,false,501
BenchmarkTest01378,sqli,false,89
BenchmarkTest01379,sqli,true,89
BenchmarkTest01380,sqli,false,89
BenchmarkTest01381,sqli,true,89
BenchmarkTest01382,sqli,true,89
BenchmarkTest01383,sqli,true,89
BenchmarkTest01384,sqli,true,89
BenchmarkTest01385,sqli,false,89
BenchmarkTest01386,sqli,false,89
BenchmarkTest01387,sqli,false,89
BenchmarkTest01388,sqli,true,89
BenchmarkTest01389,sqli,false,89
BenchmarkTest01390,sqli,true,89
BenchmarkTest01391,sqli,true,89
BenchmarkTest01392,sqli,false,89
BenchmarkTest01393,sqli,false,89
BenchmarkTest01394,sqli,true,89
BenchmarkTest01395,sqli,true,89
BenchmarkTest01396,sqli,true,89
BenchmarkTest01397,xpathi,false,643
BenchmarkTest01398,crypto,true,327
BenchmarkTest01399,crypto,false,327
BenchmarkTest01400,crypto,false,327
BenchmarkTest01401,crypto,false,327
BenchmarkTest01402,ldapi,false,90
BenchmarkTest01403,pathtraver,true,22
BenchmarkTest01404,pathtraver,false,22
BenchmarkTest01405,pathtraver,true,22
BenchmarkTest01406,pathtraver,false,22
BenchmarkTest01407,pathtraver,false,22
BenchmarkTest01408,pathtraver,true,22
BenchmarkTest01409,pathtraver,false,22
BenchmarkTest01410,hash,false,328
BenchmarkTest01411,hash,true,328
BenchmarkTest01412,hash,false,328
BenchmarkTest01413,hash,false,328
BenchmarkTest01414,hash,true,328
BenchmarkTest01415,hash,true,328
BenchmarkTest01416,hash,true,328
BenchmarkTest01417,xss,true,79
BenchmarkTest01418,xss,true,79
BenchmarkTest01419,xss,false,79
BenchmarkTest01420,xss,false,79
BenchmarkTest01421,xss,false,79
BenchmarkTest01422,xss,false,79
BenchmarkTest01423,xss,true,79
BenchmarkTest01424,xss,true,79
BenchmarkTest01425,xss,false,79
BenchmarkTest01426,xss,true,79
BenchmarkTest01427,xss,true,79
BenchmarkTest01428,xss,true,79
BenchmarkTest01429,xss,true,79
BenchmarkTest01430,cmdi,true,78
BenchmarkTest01431,weakrand,true,330
BenchmarkTest01432,weakrand,true,330
BenchmarkTest01433,weakrand,true,330
BenchmarkTest01434,weakrand,true,330
BenchmarkTest01435,weakrand,true,330
BenchmarkTest01436,securecookie,false,614
BenchmarkTest01437,xss,true,79
BenchmarkTest01438,xss,true,79
BenchmarkTest01439,xss,false,79
BenchmarkTest01440,cmdi,false,78
BenchmarkTest01441,cmdi,true,78
BenchmarkTest01442,cmdi,true,78
BenchmarkTest01443,cmdi,false,78
BenchmarkTest01444,cmdi,false,78
BenchmarkTest01445,cmdi,false,78
BenchmarkTest01446,cmdi,true,78
BenchmarkTest01447,weakrand,false,330
BenchmarkTest01448,weakrand,false,330
BenchmarkTest01449,weakrand,false,330
BenchmarkTest01450,weakrand,false,330
BenchmarkTest01451,weakrand,false,330
BenchmarkTest01452,weakrand,false,330
BenchmarkTest01453,weakrand,false,330
BenchmarkTest01454,trustbound,false,501
BenchmarkTest01455,trustbound,true,501
BenchmarkTest01456,trustbound,true,501
BenchmarkTest01457,trustbound,true,501
BenchmarkTest01458,trustbound,true,501
BenchmarkTest01459,sqli,false,89
BenchmarkTest01460,sqli,true,89
BenchmarkTest01461,sqli,false,89
BenchmarkTest01462,sqli,true,89
BenchmarkTest01463,sqli,true,89
BenchmarkTest01464,sqli,true,89
BenchmarkTest01465,sqli,true,89
BenchmarkTest01466,sqli,true,89
BenchmarkTest01467,sqli,false,89
BenchmarkTest01468,sqli,false,89
BenchmarkTest01469,sqli,false,89
BenchmarkTest01470,sqli,true,89
BenchmarkTest01471,sqli,true,89
BenchmarkTest01472,sqli,false,89
BenchmarkTest01473,sqli,true,89
BenchmarkTest01474,sqli,true,89
BenchmarkTest01475,sqli,true,89
BenchmarkTest01476,sqli,true,89
BenchmarkTest01477,sqli,true,89
BenchmarkTest01478,xpathi,true,643
BenchmarkTest01479,xpathi,false,643
BenchmarkTest01480,crypto,true,327
BenchmarkTest01481,crypto,false,327
BenchmarkTest01482,crypto,false,327
BenchmarkTest01483,crypto,true,327
BenchmarkTest01484,crypto,true,327
BenchmarkTest01485,crypto,false,327
BenchmarkTest01486,crypto,true,327
BenchmarkTest01487,crypto,false,327
BenchmarkTest01488,crypto,false,327
BenchmarkTest01489,crypto,true,327
BenchmarkTest01490,ldapi,true,90
BenchmarkTest01491,ldapi,false,90
BenchmarkTest01492,ldapi,false,90
BenchmarkTest01493,pathtraver,false,22
BenchmarkTest01494,pathtraver,true,22
BenchmarkTest01495,pathtraver,true,22
BenchmarkTest01496,pathtraver,true,22
BenchmarkTest01497,pathtraver,true,22
BenchmarkTest01498,pathtraver,true,22
BenchmarkTest01499,pathtraver,false,22
BenchmarkTest01500,pathtraver,true,22
BenchmarkTest01501,ldapi,true,90
BenchmarkTest01502,weakrand,true,330
BenchmarkTest01503,hash,true,328
BenchmarkTest01504,hash,true,328
BenchmarkTest01505,xss,true,79
BenchmarkTest01506,xss,true,79
BenchmarkTest01507,xss,true,79
BenchmarkTest01508,xss,false,79
BenchmarkTest01509,xss,true,79
BenchmarkTest01510,xss,true,79
BenchmarkTest01511,xss,true,79
BenchmarkTest01512,xss,true,79
BenchmarkTest01513,xss,false,79
BenchmarkTest01514,xss,false,79
BenchmarkTest01515,xss,false,79
BenchmarkTest01516,cmdi,false,78
BenchmarkTest01517,cmdi,true,78
BenchmarkTest01518,weakrand,true,330
BenchmarkTest01519,weakrand,true,330
BenchmarkTest01520,weakrand,true,330
BenchmarkTest01521,securecookie,true,614
BenchmarkTest01522,securecookie,false,614
BenchmarkTest01523,securecookie,false,614
BenchmarkTest01524,securecookie,false,614
BenchmarkTest01525,xss,true,79
BenchmarkTest01526,cmdi,false,78
BenchmarkTest01527,cmdi,false,78
BenchmarkTest01528,cmdi,false,78
BenchmarkTest01529,cmdi,false,78
BenchmarkTest01530,cmdi,false,78
BenchmarkTest01531,cmdi,true,78
BenchmarkTest01532,cmdi,false,78
BenchmarkTest01533,cmdi,true,78
BenchmarkTest01534,weakrand,false,330
BenchmarkTest01535,weakrand,false,330
BenchmarkTest01536,weakrand,false,330
BenchmarkTest01537,weakrand,false,330
BenchmarkTest01538,weakrand,false,330
BenchmarkTest01539,weakrand,false,330
BenchmarkTest01540,weakrand,false,330
BenchmarkTest01541,weakrand,false,330
BenchmarkTest01542,weakrand,false,330
BenchmarkTest01543,weakrand,false,330
BenchmarkTest01544,weakrand,false,330
BenchmarkTest01545,weakrand,false,330
BenchmarkTest01546,trustbound,true,501
BenchmarkTest01547,trustbound,true,501
BenchmarkTest01548,trustbound,true,501
BenchmarkTest01549,trustbound,true,501
BenchmarkTest01550,trustbound,true,501
BenchmarkTest01551,trustbound,true,501
BenchmarkTest01552,sqli,true,89
BenchmarkTest01553,sqli,false,89
BenchmarkTest01554,sqli,true,89
BenchmarkTest01555,sqli,false,89
BenchmarkTest01556,sqli,false,89
BenchmarkTest01557,sqli,true,89
BenchmarkTest01558,sqli,true,89
BenchmarkTest01559,sqli,true,89
BenchmarkTest01560,sqli,true,89
BenchmarkTest01561,xpathi,true,643
BenchmarkTest01562,xpathi,false,643
BenchmarkTest01563,crypto,false,327
BenchmarkTest01564,crypto,false,327
BenchmarkTest01565,crypto,true,327
BenchmarkTest01566,crypto,true,327
BenchmarkTest01567,crypto,false,327
BenchmarkTest01568,ldapi,true,90
BenchmarkTest01569,ldapi,false,90
BenchmarkTest01570,pathtraver,false,22
BenchmarkTest01571,pathtraver,true,22
BenchmarkTest01572,pathtraver,true,22
BenchmarkTest01573,pathtraver,false,22
BenchmarkTest01574,pathtraver,false,22
BenchmarkTest01575,weakrand,true,330
BenchmarkTest01576,hash,false,328
BenchmarkTest01577,hash,true,328
BenchmarkTest01578,hash,false,328
BenchmarkTest01579,hash,true,328
BenchmarkTest01580,hash,true,328
BenchmarkTest01581,hash,false,328
BenchmarkTest01582,hash,false,328
BenchmarkTest01583,xss,true,79
BenchmarkTest01584,xss,true,79
BenchmarkTest01585,xss,false,79
BenchmarkTest01586,xss,false,79
BenchmarkTest01587,xss,true,79
BenchmarkTest01588,xss,false,79
BenchmarkTest01589,xss,true,79
BenchmarkTest01590,xss,true,79
BenchmarkTest01591,xss,false,79
BenchmarkTest01592,xss,true,79
BenchmarkTest01593,xss,false,79
BenchmarkTest01594,xss,true,79
BenchmarkTest01595,xss,false,79
BenchmarkTest01596,xss,true,79
BenchmarkTest01597,xss,true,79
BenchmarkTest01598,xss,true,79
BenchmarkTest01599,xss,false,79
BenchmarkTest01600,cmdi,false,78
BenchmarkTest01601,cmdi,true,78
BenchmarkTest01602,weakrand,true,330
BenchmarkTest01603,weakrand,true,330
BenchmarkTest01604,securecookie,false,614
BenchmarkTest01605,securecookie,false,614
BenchmarkTest01606,cmdi,false,78
BenchmarkTest01607,cmdi,false,78
BenchmarkTest01608,cmdi,false,78
BenchmarkTest01609,cmdi,true,78
BenchmarkTest01610,cmdi,true,78
BenchmarkTest01611,weakrand,false,330
BenchmarkTest01612,weakrand,false,330
BenchmarkTest01613,weakrand,false,330
BenchmarkTest01614,weakrand,false,330
BenchmarkTest01615,trustbound,true,501
BenchmarkTest01616,trustbound,true,501
BenchmarkTest01617,trustbound,true,501
BenchmarkTest01618,trustbound,true,501
BenchmarkTest01619,trustbound,true,501
BenchmarkTest01620,sqli,true,89
BenchmarkTest01621,sqli,true,89
BenchmarkTest01622,sqli,false,89
BenchmarkTest01623,sqli,true,89
BenchmarkTest01624,sqli,true,89
BenchmarkTest01625,sqli,true,89
BenchmarkTest01626,sqli,true,89
BenchmarkTest01627,sqli,true,89
BenchmarkTest01628,sqli,false,89
BenchmarkTest01629,sqli,false,89
BenchmarkTest01630,sqli,true,89
BenchmarkTest01631,sqli,true,89
BenchmarkTest01632,xpathi,false,643
BenchmarkTest01633,xpathi,false,643
BenchmarkTest01634,crypto,true,327
BenchmarkTest01635,crypto,false,327
BenchmarkTest01636,crypto,false,327
BenchmarkTest01637,crypto,true,327
BenchmarkTest01638,crypto,true,327
BenchmarkTest01639,crypto,true,327
BenchmarkTest01640,crypto,false,327
BenchmarkTest01641,crypto,true,327
BenchmarkTest01642,pathtraver,true,22
BenchmarkTest01643,pathtraver,true,22
BenchmarkTest01644,pathtraver,false,22
BenchmarkTest01645,pathtraver,true,22
BenchmarkTest01646,pathtraver,false,22
BenchmarkTest01647,pathtraver,true,22
BenchmarkTest01648,weakrand,true,330
BenchmarkTest01649,hash,true,328
BenchmarkTest01650,hash,true,328
BenchmarkTest01651,hash,true,328
BenchmarkTest01652,hash,false,328
BenchmarkTest01653,hash,true,328
BenchmarkTest01654,hash,true,328
BenchmarkTest01655,hash,false,328
BenchmarkTest01656,hash,false,328
BenchmarkTest01657,xss,true,79
BenchmarkTest01658,xss,true,79
BenchmarkTest01659,xss,false,79
BenchmarkTest01660,xss,true,79
BenchmarkTest01661,xss,false,79
BenchmarkTest01662,xss,true,79
BenchmarkTest01663,xss,false,79
BenchmarkTest01664,xss,false,79
BenchmarkTest01665,xss,true,79
BenchmarkTest01666,xss,true,79
BenchmarkTest01667,xss,true,79
BenchmarkTest01668,xss,false,79
BenchmarkTest01669,xss,false,79
BenchmarkTest01670,xss,true,79
BenchmarkTest01671,xss,false,79
BenchmarkTest01672,cmdi,false,78
BenchmarkTest01673,cmdi,true,78
BenchmarkTest01674,cmdi,true,78
BenchmarkTest01675,weakrand,true,330
BenchmarkTest01676,weakrand,true,330
BenchmarkTest01677,weakrand,true,330
BenchmarkTest01678,weakrand,true,330
BenchmarkTest01679,weakrand,true,330
BenchmarkTest01680,weakrand,true,330
BenchmarkTest01681,weakrand,true,330
BenchmarkTest01682,securecookie,true,614
BenchmarkTest01683,securecookie,true,614
BenchmarkTest01684,securecookie,false,614
BenchmarkTest01685,cmdi,true,78
BenchmarkTest01686,cmdi,false,78
BenchmarkTest01687,cmdi,false,78
BenchmarkTest01688,cmdi,false,78
BenchmarkTest01689,cmdi,true,78
BenchmarkTest01690,cmdi,true,78
BenchmarkTest01691,cmdi,true,78
BenchmarkTest01692,cmdi,false,78
BenchmarkTest01693,cmdi,false,78
BenchmarkTest01694,weakrand,false,330
BenchmarkTest01695,weakrand,false,330
BenchmarkTest01696,weakrand,false,330
BenchmarkTest01697,weakrand,false,330
BenchmarkTest01698,weakrand,false,330
BenchmarkTest01699,weakrand,false,330
BenchmarkTest01700,weakrand,false,330
BenchmarkTest01701,weakrand,false,330
BenchmarkTest01702,weakrand,false,330
BenchmarkTest01703,weakrand,false,330
BenchmarkTest01704,weakrand,false,330
BenchmarkTest01705,weakrand,false,330
BenchmarkTest01706,weakrand,false,330
BenchmarkTest01707,weakrand,false,330
BenchmarkTest01708,trustbound,true,501
BenchmarkTest01709,trustbound,true,501
BenchmarkTest01710,trustbound,true,501
BenchmarkTest01711,trustbound,true,501
BenchmarkTest01712,sqli,true,89
BenchmarkTest01713,sqli,false,89
BenchmarkTest01714,sqli,false,89
BenchmarkTest01715,sqli,true,89
BenchmarkTest01716,sqli,true,89
BenchmarkTest01717,sqli,false,89
BenchmarkTest01718,sqli,true,89
BenchmarkTest01719,sqli,false,89
BenchmarkTest01720,sqli,true,89
BenchmarkTest01721,sqli,true,89
BenchmarkTest01722,sqli,false,89
BenchmarkTest01723,sqli,true,89
BenchmarkTest01724,sqli,true,89
BenchmarkTest01725,sqli,true,89
BenchmarkTest01726,sqli,true,89
BenchmarkTest01727,sqli,true,89
BenchmarkTest01728,sqli,true,89
BenchmarkTest01729,sqli,false,89
BenchmarkTest01730,sqli,true,89
BenchmarkTest01731,sqli,true,89
BenchmarkTest01732,sqli,false,89
BenchmarkTest01733,sqli,true,89
BenchmarkTest01734,xpathi,true,643
BenchmarkTest01735,xpathi,false,643
BenchmarkTest01736,xpathi,true,643
BenchmarkTest01737,crypto,false,327
BenchmarkTest01738,crypto,false,327
BenchmarkTest01739,crypto,false,327
BenchmarkTest01740,crypto,true,327
BenchmarkTest01741,crypto,true,327
BenchmarkTest01742,crypto,true,327
BenchmarkTest01743,ldapi,false,90
BenchmarkTest01744,pathtraver,false,22
BenchmarkTest01745,pathtraver,false,22
BenchmarkTest01746,pathtraver,false,22
BenchmarkTest01747,pathtraver,false,22
BenchmarkTest01748,pathtraver,false,22
BenchmarkTest01749,pathtraver,false,22
BenchmarkTest01750,pathtraver,false,22
BenchmarkTest01751,pathtraver,false,22
BenchmarkTest01752,pathtraver,false,22
BenchmarkTest01753,ldapi,false,90
BenchmarkTest01754,ldapi,false,90
BenchmarkTest01755,ldapi,false,90
BenchmarkTest01756,ldapi,false,90
BenchmarkTest01757,hash,true,328
BenchmarkTest01758,hash,false,328
BenchmarkTest01759,hash,false,328
BenchmarkTest01760,hash,false,328
BenchmarkTest01761,hash,true,328
BenchmarkTest01762,hash,false,328
BenchmarkTest01763,hash,false,328
BenchmarkTest01764,hash,false,328
BenchmarkTest01765,hash,true,328
BenchmarkTest01766,hash,true,328
BenchmarkTest01767,xss,false,79
BenchmarkTest01768,xss,false,79
BenchmarkTest01769,xss,false,79
BenchmarkTest01770,xss,false,79
BenchmarkTest01771,xss,false,79
BenchmarkTest01772,xss,false,79
BenchmarkTest01773,xss,false,79
BenchmarkTest01774,xss,false,79
BenchmarkTest01775,xss,false,79
BenchmarkTest01776,xss,false,79
BenchmarkTest01777,xss,false,79
BenchmarkTest01778,cmdi,false,78
BenchmarkTest01779,cmdi,false,78
BenchmarkTest01780,cmdi,false,78
BenchmarkTest01781,weakrand,true,330
BenchmarkTest01782,weakrand,true,330
BenchmarkTest01783,weakrand,true,330
BenchmarkTest01784,weakrand,true,330
BenchmarkTest01785,weakrand,true,330
BenchmarkTest01786,weakrand,true,330
BenchmarkTest01787,weakrand,true,330
BenchmarkTest01788,weakrand,true,330
BenchmarkTest01789,securecookie,true,614
BenchmarkTest01790,xss,false,79
BenchmarkTest01791,cmdi,false,78
BenchmarkTest01792,cmdi,false,78
BenchmarkTest01793,cmdi,false,78
BenchmarkTest01794,cmdi,false,78
BenchmarkTest01795,cmdi,false,78
BenchmarkTest01796,cmdi,false,78
BenchmarkTest01797,weakrand,false,330
BenchmarkTest01798,weakrand,false,330
BenchmarkTest01799,weakrand,false,330
BenchmarkTest01800,weakrand,false,330
BenchmarkTest01801,weakrand,false,330
BenchmarkTest01802,trustbound,false,501
BenchmarkTest01803,sqli,false,89
BenchmarkTest01804,sqli,false,89
BenchmarkTest01805,sqli,false,89
BenchmarkTest01806,sqli,false,89
BenchmarkTest01807,sqli,false,89
BenchmarkTest01808,sqli,false,89
BenchmarkTest01809,sqli,false,89
BenchmarkTest01810,sqli,false,89
BenchmarkTest01811,sqli,false,89
BenchmarkTest01812,sqli,false,89
BenchmarkTest01813,sqli,false,89
BenchmarkTest01814,sqli,false,89
BenchmarkTest01815,sqli,false,89
BenchmarkTest01816,sqli,false,89
BenchmarkTest01817,sqli,false,89
BenchmarkTest01818,sqli,false,89
BenchmarkTest01819,sqli,false,89
BenchmarkTest01820,sqli,false,89
BenchmarkTest01821,xpathi,false,643
BenchmarkTest01822,crypto,true,327
BenchmarkTest01823,crypto,true,327
BenchmarkTest01824,crypto,false,327
BenchmarkTest01825,crypto,false,327
BenchmarkTest01826,crypto,false,327
BenchmarkTest01827,crypto,false,327
BenchmarkTest01828,crypto,false,327
BenchmarkTest01829,crypto,true,327
BenchmarkTest01830,crypto,true,327
BenchmarkTest01831,ldapi,true,90
BenchmarkTest01832,ldapi,true,90
BenchmarkTest01833,pathtraver,true,22
BenchmarkTest01834,pathtraver,false,22
BenchmarkTest01835,pathtraver,true,22
BenchmarkTest01836,pathtraver,true,22
BenchmarkTest01837,pathtraver,false,22
BenchmarkTest01838,pathtraver,false,22
BenchmarkTest01839,pathtraver,true,22
BenchmarkTest01840,pathtraver,true,22
BenchmarkTest01841,pathtraver,false,22
BenchmarkTest01842,weakrand,true,330
BenchmarkTest01843,weakrand,true,330
BenchmarkTest01844,hash,true,328
BenchmarkTest01845,hash,true,328
BenchmarkTest01846,hash,true,328
BenchmarkTest01847,hash,false,328
BenchmarkTest01848,hash,false,328
BenchmarkTest01849,hash,false,328
BenchmarkTest01850,cmdi,true,78
BenchmarkTest01851,cmdi,true,78
BenchmarkTest01852,cmdi,true,78
BenchmarkTest01853,weakrand,true,330
BenchmarkTest01854,weakrand,true,330
BenchmarkTest01855,weakrand,true,330
BenchmarkTest01856,weakrand,true,330
BenchmarkTest01857,weakrand,true,330
BenchmarkTest01858,weakrand,true,330
BenchmarkTest01859,weakrand,true,330
BenchmarkTest01860,weakrand,true,330
BenchmarkTest01861,securecookie,true,614
BenchmarkTest01862,securecookie,false,614
BenchmarkTest01863,securecookie,false,614
BenchmarkTest01864,cmdi,true,78
BenchmarkTest01865,cmdi,false,78
BenchmarkTest01866,weakrand,false,330
BenchmarkTest01867,weakrand,false,330
BenchmarkTest01868,weakrand,false,330
BenchmarkTest01869,weakrand,false,330
BenchmarkTest01870,weakrand,false,330
BenchmarkTest01871,weakrand,false,330
BenchmarkTest01872,trustbound,true,501
BenchmarkTest01873,trustbound,false,501
BenchmarkTest01874,trustbound,true,501
BenchmarkTest01875,trustbound,true,501
BenchmarkTest01876,trustbound,true,501
BenchmarkTest01877,sqli,false,89
BenchmarkTest01878,sqli,false,89
BenchmarkTest01879,sqli,false,89
BenchmarkTest01880,sqli,false,89
BenchmarkTest01881,sqli,true,89
BenchmarkTest01882,sqli,true,89
BenchmarkTest01883,sqli,true,89
BenchmarkTest01884,sqli,false,89
BenchmarkTest01885,sqli,false,89
BenchmarkTest01886,sqli,false,89
BenchmarkTest01887,sqli,true,89
BenchmarkTest01888,sqli,true,89
BenchmarkTest01889,sqli,true,89
BenchmarkTest01890,sqli,true,89
BenchmarkTest01891,sqli,true,89
BenchmarkTest01892,xpathi,true,643
BenchmarkTest01893,xpathi,false,643
BenchmarkTest01894,xpathi,true,643
BenchmarkTest01895,crypto,true,327
BenchmarkTest01896,crypto,false,327
BenchmarkTest01897,crypto,true,327
BenchmarkTest01898,crypto,true,327
BenchmarkTest01899,crypto,false,327
BenchmarkTest01900,crypto,true,327
BenchmarkTest01901,crypto,false,327
BenchmarkTest01902,ldapi,true,90
BenchmarkTest01903,ldapi,false,90
BenchmarkTest01904,pathtraver,true,22
BenchmarkTest01905,pathtraver,false,22
BenchmarkTest01906,pathtraver,true,22
BenchmarkTest01907,pathtraver,true,22
BenchmarkTest01908,pathtraver,true,22
BenchmarkTest01909,ldapi,false,90
BenchmarkTest01910,weakrand,true,330
BenchmarkTest01911,hash,true,328
BenchmarkTest01912,hash,false,328
BenchmarkTest01913,hash,false,328
BenchmarkTest01914,xss,false,79
BenchmarkTest01915,xss,false,79
BenchmarkTest01916,xss,true,79
BenchmarkTest01917,xss,false,79
BenchmarkTest01918,xss,false,79
BenchmarkTest01919,xss,true,79
BenchmarkTest01920,xss,true,79
BenchmarkTest01921,xss,true,79
BenchmarkTest01922,xss,true,79
BenchmarkTest01923,xss,true,79
BenchmarkTest01924,xss,false,79
BenchmarkTest01925,xss,true,79
BenchmarkTest01926,xss,true,79
BenchmarkTest01927,xss,true,79
BenchmarkTest01928,cmdi,true,78
BenchmarkTest01929,cmdi,true,78
BenchmarkTest01930,weakrand,true,330
BenchmarkTest01931,weakrand,true,330
BenchmarkTest01932,weakrand,true,330
BenchmarkTest01933,weakrand,true,330
BenchmarkTest01934,weakrand,true,330
BenchmarkTest01935,securecookie,false,614
BenchmarkTest01936,cmdi,true,78
BenchmarkTest01937,cmdi,false,78
BenchmarkTest01938,cmdi,true,78
BenchmarkTest01939,cmdi,false,78
BenchmarkTest01940,cmdi,true,78
BenchmarkTest01941,cmdi,false,78
BenchmarkTest01942,cmdi,true,78
BenchmarkTest01943,cmdi,false,78
BenchmarkTest01944,cmdi,true,78
BenchmarkTest01945,weakrand,false,330
BenchmarkTest01946,weakrand,false,330
BenchmarkTest01947,weakrand,false,330
BenchmarkTest01948,weakrand,false,330
BenchmarkTest01949,weakrand,false,330
BenchmarkTest01950,weakrand,false,330
BenchmarkTest01951,weakrand,false,330
BenchmarkTest01952,weakrand,false,330
BenchmarkTest01953,weakrand,false,330
BenchmarkTest01954,weakrand,false,330
BenchmarkTest01955,trustbound,true,501
BenchmarkTest01956,trustbound,false,501
BenchmarkTest01957,trustbound,false,501
BenchmarkTest01958,trustbound,true,501
BenchmarkTest01959,trustbound,false,501
BenchmarkTest01960,trustbound,true,501
BenchmarkTest01961,sqli,false,89
BenchmarkTest01962,sqli,true,89
BenchmarkTest01963,sqli,true,89
BenchmarkTest01964,sqli,true,89
BenchmarkTest01965,sqli,false,89
BenchmarkTest01966,sqli,false,89
BenchmarkTest01967,sqli,false,89
BenchmarkTest01968,sqli,false,89
BenchmarkTest01969,sqli,false,89
BenchmarkTest01970,sqli,true,89
BenchmarkTest01971,sqli,true,89
BenchmarkTest01972,sqli,true,89
BenchmarkTest01973,sqli,false,89
BenchmarkTest01974,xpathi,true,643
BenchmarkTest01975,crypto,false,327
BenchmarkTest01976,crypto,false,327
BenchmarkTest01977,crypto,false,327
BenchmarkTest01978,crypto,true,327
BenchmarkTest01979,crypto,false,327
BenchmarkTest01980,crypto,true,327
BenchmarkTest01981,crypto,true,327
BenchmarkTest01982,crypto,false,327
BenchmarkTest01983,pathtraver,true,22
BenchmarkTest01984,pathtraver,false,22
BenchmarkTest01985,pathtraver,true,22
BenchmarkTest01986,pathtraver,false,22
BenchmarkTest01987,pathtraver,true,22
BenchmarkTest01988,pathtraver,true,22
BenchmarkTest01989,pathtraver,true,22
BenchmarkTest01990,pathtraver,false,22
BenchmarkTest01991,pathtraver,false,22
BenchmarkTest01992,weakrand,true,330
BenchmarkTest01993,hash,false,328
BenchmarkTest01994,hash,false,328
BenchmarkTest01995,hash,false,328
BenchmarkTest01996,hash,true,328
BenchmarkTest01997,hash,true,328
BenchmarkTest01998,hash,false,328
BenchmarkTest01999,weakrand,true,330
BenchmarkTest02000,weakrand,true,330
BenchmarkTest02001,weakrand,true,330
BenchmarkTest02002,weakrand,true,330
BenchmarkTest02003,weakrand,true,330
BenchmarkTest02004,weakrand,true,330
BenchmarkTest02005,securecookie,true,614
BenchmarkTest02006,securecookie,false,614
BenchmarkTest02007,weakrand,false,330
BenchmarkTest02008,weakrand,false,330
BenchmarkTest02009,weakrand,false,330
BenchmarkTest02010,weakrand,false,330
BenchmarkTest02011,weakrand,false,330
BenchmarkTest02012,weakrand,false,330
BenchmarkTest02013,weakrand,false,330
BenchmarkTest02014,weakrand,false,330
BenchmarkTest02015,trustbound,true,501
BenchmarkTest02016,trustbound,true,501
BenchmarkTest02017,crypto,true,327
BenchmarkTest02018,crypto,true,327
BenchmarkTest02019,crypto,true,327
BenchmarkTest02020,crypto,true,327
BenchmarkTest02021,crypto,false,327
BenchmarkTest02022,crypto,true,327
BenchmarkTest02023,crypto,true,327
BenchmarkTest02024,crypto,false,327
BenchmarkTest02025,ldapi,false,90
BenchmarkTest02026,pathtraver,false,22
BenchmarkTest02027,pathtraver,true,22
BenchmarkTest02028,pathtraver,false,22
BenchmarkTest02029,pathtraver,false,22
BenchmarkTest02030,pathtraver,false,22
BenchmarkTest02031,pathtraver,false,22
BenchmarkTest02032,pathtraver,true,22
BenchmarkTest02033,pathtraver,false,22
BenchmarkTest02034,pathtraver,true,22
BenchmarkTest02035,pathtraver,false,22
BenchmarkTest02036,ldapi,true,90
BenchmarkTest02037,ldapi,true,90
BenchmarkTest02038,weakrand,true,330
BenchmarkTest02039,weakrand,true,330
BenchmarkTest02040,weakrand,true,330
BenchmarkTest02041,hash,false,328
BenchmarkTest02042,hash,true,328
BenchmarkTest02043,hash,false,328
BenchmarkTest02044,hash,false,328
BenchmarkTest02045,xss,false,79
BenchmarkTest02046,xss,true,79
BenchmarkTest02047,xss,true,79
BenchmarkTest02048,xss,false,79
BenchmarkTest02049,xss,false,79
BenchmarkTest02050,xss,true,79
BenchmarkTest02051,xss,true,79
BenchmarkTest02052,xss,false,79
BenchmarkTest02053,xss,false,79
BenchmarkTest02054,xss,true,79
BenchmarkTest02055,xss,true,79
BenchmarkTest02056,xss,true,79
BenchmarkTest02057,xss,true,79
BenchmarkTest02058,cmdi,false,78
BenchmarkTest02059,cmdi,true,78
BenchmarkTest02060,weakrand,true,330
BenchmarkTest02061,weakrand,true,330
BenchmarkTest02062,weakrand,true,330
BenchmarkTest02063,weakrand,true,330
BenchmarkTest02064,securecookie,false,614
BenchmarkTest02065,securecookie,false,614
BenchmarkTest02066,securecookie,false,614
BenchmarkTest02067,cmdi,false,78
BenchmarkTest02068,cmdi,false,78
BenchmarkTest02069,cmdi,false,78
BenchmarkTest02070,cmdi,true,78
BenchmarkTest02071,weakrand,false,330
BenchmarkTest02072,weakrand,false,330
BenchmarkTest02073,weakrand,false,330
BenchmarkTest02074,weakrand,false,330
BenchmarkTest02075,weakrand,false,330
BenchmarkTest02076,weakrand,false,330
BenchmarkTest02077,weakrand,false,330
BenchmarkTest02078,weakrand,false,330
BenchmarkTest02079,weakrand,false,330
BenchmarkTest02080,weakrand,false,330
BenchmarkTest02081,weakrand,false,330
BenchmarkTest02082,weakrand,false,330
BenchmarkTest02083,weakrand,false,330
BenchmarkTest02084,trustbound,true,501
BenchmarkTest02085,trustbound,false,501
BenchmarkTest02086,trustbound,false,501
BenchmarkTest02087,sqli,true,89
BenchmarkTest02088,sqli,true,89
BenchmarkTest02089,sqli,false,89
BenchmarkTest02090,sqli,true,89
BenchmarkTest02091,sqli,true,89
BenchmarkTest02092,sqli,true,89
BenchmarkTest02093,sqli,false,89
BenchmarkTest02094,sqli,true,89
BenchmarkTest02095,sqli,false,89
BenchmarkTest02096,sqli,true,89
BenchmarkTest02097,sqli,false,89
BenchmarkTest02098,sqli,false,89
BenchmarkTest02099,sqli,true,89
BenchmarkTest02100,xpathi,true,643
BenchmarkTest02101,crypto,true,327
BenchmarkTest02102,crypto,false,327
BenchmarkTest02103,crypto,false,327
BenchmarkTest02104,ldapi,false,90
BenchmarkTest02105,pathtraver,true,22
BenchmarkTest02106,pathtraver,true,22
BenchmarkTest02107,pathtraver,false,22
BenchmarkTest02108,pathtraver,false,22
BenchmarkTest02109,pathtraver,true,22
BenchmarkTest02110,pathtraver,false,22
BenchmarkTest02111,pathtraver,false,22
BenchmarkTest02112,pathtraver,true,22
BenchmarkTest02113,pathtraver,true,22
BenchmarkTest02114,ldapi,false,90
BenchmarkTest02115,ldapi,false,90
BenchmarkTest02116,ldapi,false,90
BenchmarkTest02117,weakrand,true,330
BenchmarkTest02118,hash,true,328
BenchmarkTest02119,hash,false,328
BenchmarkTest02120,hash,false,328
BenchmarkTest02121,hash,true,328
BenchmarkTest02122,xss,false,79
BenchmarkTest02123,xss,true,79
BenchmarkTest02124,xss,true,79
BenchmarkTest02125,xss,false,79
BenchmarkTest02126,xss,true,79
BenchmarkTest02127,xss,true,79
BenchmarkTest02128,xss,true,79
BenchmarkTest02129,xss,true,79
BenchmarkTest02130,xss,true,79
BenchmarkTest02131,xss,true,79
BenchmarkTest02132,xss,true,79
BenchmarkTest02133,xss,true,79
BenchmarkTest02134,xss,true,79
BenchmarkTest02135,xss,false,79
BenchmarkTest02136,xss,true,79
BenchmarkTest02137,cmdi,true,78
BenchmarkTest02138,weakrand,true,330
BenchmarkTest02139,weakrand,true,330
BenchmarkTest02140,weakrand,true,330
BenchmarkTest02141,weakrand,true,330
BenchmarkTest02142,securecookie,true,614
BenchmarkTest02143,securecookie,false,614
BenchmarkTest02144,securecookie,false,614
BenchmarkTest02145,xss,true,79
BenchmarkTest02146,cmdi,true,78
BenchmarkTest02147,cmdi,true,78
BenchmarkTest02148,cmdi,false,78
BenchmarkTest02149,cmdi,false,78
BenchmarkTest02150,cmdi,true,78
BenchmarkTest02151,cmdi,true,78
BenchmarkTest02152,cmdi,true,78
BenchmarkTest02153,cmdi,false,78
BenchmarkTest02154,cmdi,true,78
BenchmarkTest02155,cmdi,true,78
BenchmarkTest02156,cmdi,false,78
BenchmarkTest02157,weakrand,false,330
BenchmarkTest02158,weakrand,false,330
BenchmarkTest02159,weakrand,false,330
BenchmarkTest02160,weakrand,false,330
BenchmarkTest02161,weakrand,false,330
BenchmarkTest02162,weakrand,false,330
BenchmarkTest02163,weakrand,false,330
BenchmarkTest02164,weakrand,false,330
BenchmarkTest02165,trustbound,true,501
BenchmarkTest02166,trustbound,false,501
BenchmarkTest02167,trustbound,true,501
BenchmarkTest02168,trustbound,false,501
BenchmarkTest02169,sqli,true,89
BenchmarkTest02170,sqli,true,89
BenchmarkTest02171,sqli,true,89
BenchmarkTest02172,sqli,false,89
BenchmarkTest02173,sqli,false,89
BenchmarkTest02174,sqli,false,89
BenchmarkTest02175,sqli,false,89
BenchmarkTest02176,sqli,false,89
BenchmarkTest02177,sqli,true,89
BenchmarkTest02178,sqli,true,89
BenchmarkTest02179,sqli,true,89
BenchmarkTest02180,sqli,false,89
BenchmarkTest02181,sqli,true,89
BenchmarkTest02182,sqli,true,89
BenchmarkTest02183,sqli,false,89
BenchmarkTest02184,sqli,false,89
BenchmarkTest02185,sqli,false,89
BenchmarkTest02186,sqli,true,89
BenchmarkTest02187,sqli,true,89
BenchmarkTest02188,sqli,false,89
BenchmarkTest02189,xpathi,true,643
BenchmarkTest02190,crypto,false,327
BenchmarkTest02191,crypto,false,327
BenchmarkTest02192,crypto,true,327
BenchmarkTest02193,crypto,true,327
BenchmarkTest02194,crypto,true,327
BenchmarkTest02195,crypto,true,327
BenchmarkTest02196,ldapi,true,90
BenchmarkTest02197,pathtraver,true,22
BenchmarkTest02198,pathtraver,true,22
BenchmarkTest02199,pathtraver,true,22
BenchmarkTest02200,pathtraver,false,22
BenchmarkTest02201,pathtraver,false,22
BenchmarkTest02202,pathtraver,false,22
BenchmarkTest02203,pathtraver,false,22
BenchmarkTest02204,pathtraver,false,22
BenchmarkTest02205,pathtraver,true,22
BenchmarkTest02206,pathtraver,false,22
BenchmarkTest02207,pathtraver,false,22
BenchmarkTest02208,ldapi,true,90
BenchmarkTest02209,weakrand,true,330
BenchmarkTest02210,hash,false,328
BenchmarkTest02211,hash,true,328
BenchmarkTest02212,hash,true,328
BenchmarkTest02213,hash,true,328
BenchmarkTest02214,hash,false,328
BenchmarkTest02215,hash,false,328
BenchmarkTest02216,hash,false,328
BenchmarkTest02217,hash,true,328
BenchmarkTest02218,hash,false,328
BenchmarkTest02219,hash,true,328
BenchmarkTest02220,hash,false,328
BenchmarkTest02221,xss,true,79
BenchmarkTest02222,xss,false,79
BenchmarkTest02223,xss,true,79
BenchmarkTest02224,xss,true,79
BenchmarkTest02225,xss,true,79
BenchmarkTest02226,xss,false,79
BenchmarkTest02227,xss,true,79
BenchmarkTest02228,xss,true,79
BenchmarkTest02229,xss,false,79
BenchmarkTest02230,xss,true,79
BenchmarkTest02231,xss,false,79
BenchmarkTest02232,xss,true,79
BenchmarkTest02233,xss,false,79
BenchmarkTest02234,xss,true,79
BenchmarkTest02235,xss,false,79
BenchmarkTest02236,xss,false,79
BenchmarkTest02237,xss,false,79
BenchmarkTest02238,xss,false,79
BenchmarkTest02239,xss,false,79
BenchmarkTest02240,xss,false,79
BenchmarkTest02241,xss,true,79
BenchmarkTest02242,cmdi,false,78
BenchmarkTest02243,cmdi,true,78
BenchmarkTest02244,cmdi,true,78
BenchmarkTest02245,weakrand,true,330
BenchmarkTest02246,weakrand,true,330
BenchmarkTest02247,securecookie,false,614
BenchmarkTest02248,securecookie,false,614
BenchmarkTest02249,cmdi,true,78
BenchmarkTest02250,cmdi,true,78
BenchmarkTest02251,cmdi,true,78
BenchmarkTest02252,cmdi,false,78
BenchmarkTest02253,cmdi,false,78
BenchmarkTest02254,weakrand,false,330
BenchmarkTest02255,weakrand,false,330
BenchmarkTest02256,weakrand,false,330
BenchmarkTest02257,weakrand,false,330
BenchmarkTest02258,weakrand,false,330
BenchmarkTest02259,weakrand,false,330
BenchmarkTest02260,weakrand,false,330
BenchmarkTest02261,trustbound,true,501
BenchmarkTest02262,trustbound,true,501
BenchmarkTest02263,trustbound,true,501
BenchmarkTest02264,sqli,true,89
BenchmarkTest02265,sqli,false,89
BenchmarkTest02266,sqli,false,89
BenchmarkTest02267,sqli,false,89
BenchmarkTest02268,sqli,false,89
BenchmarkTest02269,sqli,true,89
BenchmarkTest02270,sqli,true,89
BenchmarkTest02271,sqli,false,89
BenchmarkTest02272,sqli,true,89
BenchmarkTest02273,sqli,true,89
BenchmarkTest02274,sqli,false,89
BenchmarkTest02275,sqli,true,89
BenchmarkTest02276,sqli,false,89
BenchmarkTest02277,sqli,true,89
BenchmarkTest02278,sqli,false,89
BenchmarkTest02279,sqli,false,89
BenchmarkTest02280,sqli,false,89
BenchmarkTest02281,sqli,true,89
BenchmarkTest02282,sqli,false,89
BenchmarkTest02283,sqli,false,89
BenchmarkTest02284,sqli,true,89
BenchmarkTest02285,sqli,false,89
BenchmarkTest02286,sqli,true,89
BenchmarkTest02287,sqli,true,89
BenchmarkTest02288,sqli,true,89
BenchmarkTest02289,crypto,false,327
BenchmarkTest02290,crypto,true,327
BenchmarkTest02291,crypto,true,327
BenchmarkTest02292,crypto,true,327
BenchmarkTest02293,crypto,true,327
BenchmarkTest02294,crypto,true,327
BenchmarkTest02295,crypto,true,327
BenchmarkTest02296,crypto,false,327
BenchmarkTest02297,crypto,false,327
BenchmarkTest02298,crypto,false,327
BenchmarkTest02299,ldapi,true,90
BenchmarkTest02300,pathtraver,false,22
BenchmarkTest02301,pathtraver,false,22
BenchmarkTest02302,pathtraver,true,22
BenchmarkTest02303,pathtraver,true,22
BenchmarkTest02304,pathtraver,true,22
BenchmarkTest02305,ldapi,true,90
BenchmarkTest02306,ldapi,true,90
BenchmarkTest02307,hash,true,328
BenchmarkTest02308,hash,true,328
BenchmarkTest02309,hash,false,328
BenchmarkTest02310,hash,false,328
BenchmarkTest02311,hash,true,328
BenchmarkTest02312,hash,false,328
BenchmarkTest02313,xss,false,79
BenchmarkTest02314,xss,true,79
BenchmarkTest02315,xss,true,79
BenchmarkTest02316,xss,true,79
BenchmarkTest02317,xss,true,79
BenchmarkTest02318,xss,false,79
BenchmarkTest02319,xss,false,79
BenchmarkTest02320,xss,false,79
BenchmarkTest02321,xss,true,79
BenchmarkTest02322,xss,true,79
BenchmarkTest02323,xss,true,79
BenchmarkTest02324,xss,true,79
BenchmarkTest02325,xss,false,79
BenchmarkTest02326,xss,true,79
BenchmarkTest02327,xss,true,79
BenchmarkTest02328,xss,true,79
BenchmarkTest02329,xss,false,79
BenchmarkTest02330,xss,false,79
BenchmarkTest02331,xss,false,79
BenchmarkTest02332,xss,true,79
BenchmarkTest02333,cmdi,true,78
BenchmarkTest02334,cmdi,true,78
BenchmarkTest02335,cmdi,false,78
BenchmarkTest02336,cmdi,false,78
BenchmarkTest02337,weakrand,true,330
BenchmarkTest02338,weakrand,true,330
BenchmarkTest02339,securecookie,true,614
BenchmarkTest02340,cmdi,false,78
BenchmarkTest02341,cmdi,false,78
BenchmarkTest02342,cmdi,true,78
BenchmarkTest02343,cmdi,true,78
BenchmarkTest02344,cmdi,true,78
BenchmarkTest02345,weakrand,false,330
BenchmarkTest02346,weakrand,false,330
BenchmarkTest02347,weakrand,false,330
BenchmarkTest02348,weakrand,false,330
BenchmarkTest02349,weakrand,false,330
BenchmarkTest02350,weakrand,false,330
BenchmarkTest02351,weakrand,false,330
BenchmarkTest02352,trustbound,true,501
BenchmarkTest02353,sqli,false,89
BenchmarkTest02354,sqli,true,89
BenchmarkTest02355,sqli,true,89
BenchmarkTest02356,sqli,true,89
BenchmarkTest02357,sqli,true,89
BenchmarkTest02358,sqli,true,89
BenchmarkTest02359,sqli,true,89
BenchmarkTest02360,sqli,true,89
BenchmarkTest02361,sqli,false,89
BenchmarkTest02362,sqli,true,89
BenchmarkTest02363,sqli,false,89
BenchmarkTest02364,sqli,true,89
BenchmarkTest02365,sqli,false,89
BenchmarkTest02366,sqli,false,89
BenchmarkTest02367,sqli,false,89
BenchmarkTest02368,sqli,false,89
BenchmarkTest02369,sqli,true,89
BenchmarkTest02370,xpathi,false,643
BenchmarkTest02371,crypto,false,327
BenchmarkTest02372,crypto,false,327
BenchmarkTest02373,crypto,true,327
BenchmarkTest02374,crypto,true,327
BenchmarkTest02375,crypto,true,327
BenchmarkTest02376,ldapi,false,90
BenchmarkTest02377,pathtraver,true,22
BenchmarkTest02378,pathtraver,true,22
BenchmarkTest02379,pathtraver,false,22
BenchmarkTest02380,pathtraver,false,22
BenchmarkTest02381,pathtraver,false,22
BenchmarkTest02382,pathtraver,false,22
BenchmarkTest02383,pathtraver,true,22
BenchmarkTest02384,ldapi,false,90
BenchmarkTest02385,hash,true,328
BenchmarkTest02386,hash,true,328
BenchmarkTest02387,hash,true,328
BenchmarkTest02388,hash,true,328
BenchmarkTest02389,hash,false,328
BenchmarkTest02390,hash,false,328
BenchmarkTest02391,hash,true,328
BenchmarkTest02392,hash,true,328
BenchmarkTest02393,hash,true,328
BenchmarkTest02394,xss,false,79
BenchmarkTest02395,xss,true,79
BenchmarkTest02396,xss,true,79
BenchmarkTest02397,xss,true,79
BenchmarkTest02398,xss,false,79
BenchmarkTest02399,xss,true,79
BenchmarkTest02400,xss,true,79
BenchmarkTest02401,xss,false,79
BenchmarkTest02402,xss,true,79
BenchmarkTest02403,xss,true,79
BenchmarkTest02404,xss,false,79
BenchmarkTest02405,xss,true,79
BenchmarkTest02406,xss,false,79
BenchmarkTest02407,xss,true,79
BenchmarkTest02408,xss,false,79
BenchmarkTest02409,xss,true,79
BenchmarkTest02410,xss,true,79
BenchmarkTest02411,cmdi,true,78
BenchmarkTest02412,cmdi,true,78
BenchmarkTest02413,cmdi,false,78
BenchmarkTest02414,cmdi,true,78
BenchmarkTest02415,weakrand,true,330
BenchmarkTest02416,weakrand,true,330
BenchmarkTest02417,weakrand,true,330
BenchmarkTest02418,weakrand,true,330
BenchmarkTest02419,weakrand,true,330
BenchmarkTest02420,weakrand,true,330
BenchmarkTest02421,weakrand,true,330
BenchmarkTest02422,weakrand,true,330
BenchmarkTest02423,weakrand,true,330
BenchmarkTest02424,weakrand,true,330
BenchmarkTest02425,weakrand,true,330
BenchmarkTest02426,weakrand,true,330
BenchmarkTest02427,securecookie,true,614
BenchmarkTest02428,cmdi,false,78
BenchmarkTest02429,cmdi,true,78
BenchmarkTest02430,cmdi,true,78
BenchmarkTest02431,cmdi,true,78
BenchmarkTest02432,cmdi,true,78
BenchmarkTest02433,cmdi,true,78
BenchmarkTest02434,weakrand,false,330
BenchmarkTest02435,weakrand,false,330
BenchmarkTest02436,weakrand,false,330
BenchmarkTest02437,weakrand,false,330
BenchmarkTest02438,weakrand,false,330
BenchmarkTest02439,weakrand,false,330
BenchmarkTest02440,weakrand,false,330
BenchmarkTest02441,weakrand,false,330
BenchmarkTest02442,weakrand,false,330
BenchmarkTest02443,weakrand,false,330
BenchmarkTest02444,weakrand,false,330
BenchmarkTest02445,weakrand,false,330
BenchmarkTest02446,trustbound,true,501
BenchmarkTest02447,trustbound,false,501
BenchmarkTest02448,trustbound,true,501
BenchmarkTest02449,sqli,true,89
BenchmarkTest02450,sqli,false,89
BenchmarkTest02451,sqli,true,89
BenchmarkTest02452,sqli,false,89
BenchmarkTest02453,sqli,true,89
BenchmarkTest02454,sqli,true,89
BenchmarkTest02455,sqli,true,89
BenchmarkTest02456,sqli,false,89
BenchmarkTest02457,xpathi,false,643
BenchmarkTest02458,crypto,true,327
BenchmarkTest02459,crypto,false,327
BenchmarkTest02460,crypto,false,327
BenchmarkTest02461,crypto,false,327
BenchmarkTest02462,pathtraver,false,22
BenchmarkTest02463,pathtraver,true,22
BenchmarkTest02464,pathtraver,false,22
BenchmarkTest02465,pathtraver,true,22
BenchmarkTest02466,pathtraver,true,22
BenchmarkTest02467,pathtraver,false,22
BenchmarkTest02468,pathtraver,false,22
BenchmarkTest02469,pathtraver,true,22
BenchmarkTest02470,pathtraver,false,22
BenchmarkTest02471,pathtraver,false,22
BenchmarkTest02472,ldapi,true,90
BenchmarkTest02473,weakrand,true,330
BenchmarkTest02474,hash,true,328
BenchmarkTest02475,hash,true,328
BenchmarkTest02476,hash,true,328
BenchmarkTest02477,hash,false,328
BenchmarkTest02478,hash,true,328
BenchmarkTest02479,hash,false,328
BenchmarkTest02480,xss,true,79
BenchmarkTest02481,xss,false,79
BenchmarkTest02482,xss,false,79
BenchmarkTest02483,xss,true,79
BenchmarkTest02484,xss,false,79
BenchmarkTest02485,xss,false,79
BenchmarkTest02486,xss,true,79
BenchmarkTest02487,xss,true,79
BenchmarkTest02488,xss,false,79
BenchmarkTest02489,xss,true,79
BenchmarkTest02490,xss,false,79
BenchmarkTest02491,xss,false,79
BenchmarkTest02492,xss,false,79
BenchmarkTest02493,xss,true,79
BenchmarkTest02494,xss,true,79
BenchmarkTest02495,xss,false,79
BenchmarkTest02496,cmdi,true,78
BenchmarkTest02497,weakrand,true,330
BenchmarkTest02498,weakrand,true,330
BenchmarkTest02499,weakrand,true,330
BenchmarkTest02500,weakrand,true,330
BenchmarkTest02501,weakrand,true,330
BenchmarkTest02502,weakrand,true,330
BenchmarkTest02503,weakrand,true,330
BenchmarkTest02504,weakrand,true,330
BenchmarkTest02505,weakrand,true,330
BenchmarkTest02506,weakrand,true,330
BenchmarkTest02507,securecookie,true,614
BenchmarkTest02508,securecookie,false,614
BenchmarkTest02509,xss,false,79
BenchmarkTest02510,cmdi,false,78
BenchmarkTest02511,cmdi,true,78
BenchmarkTest02512,cmdi,true,78
BenchmarkTest02513,cmdi,false,78
BenchmarkTest02514,cmdi,true,78
BenchmarkTest02515,cmdi,true,78
BenchmarkTest02516,cmdi,true,78
BenchmarkTest02517,cmdi,true,78
BenchmarkTest02518,cmdi,false,78
BenchmarkTest02519,weakrand,false,330
BenchmarkTest02520,weakrand,false,330
BenchmarkTest02521,weakrand,false,330
BenchmarkTest02522,weakrand,false,330
BenchmarkTest02523,trustbound,false,501
BenchmarkTest02524,trustbound,true,501
BenchmarkTest02525,trustbound,true,501
BenchmarkTest02526,trustbound,true,501
BenchmarkTest02527,trustbound,true,501
BenchmarkTest02528,sqli,true,89
BenchmarkTest02529,sqli,false,89
BenchmarkTest02530,sqli,true,89
BenchmarkTest02531,sqli,true,89
BenchmarkTest02532,sqli,true,89
BenchmarkTest02533,sqli,true,89
BenchmarkTest02534,sqli,true,89
BenchmarkTest02535,sqli,true,89
BenchmarkTest02536,sqli,false,89
BenchmarkTest02537,sqli,true,89
BenchmarkTest02538,sqli,false,89
BenchmarkTest02539,sqli,false,89
BenchmarkTest02540,sqli,false,89
BenchmarkTest02541,sqli,false,89
BenchmarkTest02542,sqli,true,89
BenchmarkTest02543,sqli,true,89
BenchmarkTest02544,sqli,false,89
BenchmarkTest02545,sqli,true,89
BenchmarkTest02546,sqli,false,89
BenchmarkTest02547,crypto,false,327
BenchmarkTest02548,crypto,true,327
BenchmarkTest02549,crypto,true,327
BenchmarkTest02550,crypto,true,327
BenchmarkTest02551,crypto,false,327
BenchmarkTest02552,crypto,false,327
BenchmarkTest02553,ldapi,false,90
BenchmarkTest02554,pathtraver,false,22
BenchmarkTest02555,pathtraver,true,22
BenchmarkTest02556,pathtraver,true,22
BenchmarkTest02557,pathtraver,false,22
BenchmarkTest02558,pathtraver,false,22
BenchmarkTest02559,pathtraver,true,22
BenchmarkTest02560,pathtraver,true,22
BenchmarkTest02561,pathtraver,true,22
BenchmarkTest02562,pathtraver,true,22
BenchmarkTest02563,pathtraver,false,22
BenchmarkTest02564,pathtraver,true,22
BenchmarkTest02565,pathtraver,true,22
BenchmarkTest02566,pathtraver,false,22
BenchmarkTest02567,pathtraver,true,22
BenchmarkTest02568,pathtraver,false,22
BenchmarkTest02569,pathtraver,true,22
BenchmarkTest02570,pathtraver,false,22
BenchmarkTest02571,ldapi,false,90
BenchmarkTest02572,ldapi,false,90
BenchmarkTest02573,hash,true,328
BenchmarkTest02574,hash,true,328
BenchmarkTest02575,hash,true,328
BenchmarkTest02576,hash,false,328
BenchmarkTest02577,hash,true,328
BenchmarkTest02578,xss,true,79
BenchmarkTest02579,xss,true,79
BenchmarkTest02580,xss,true,79
BenchmarkTest02581,xss,false,79
BenchmarkTest02582,xss,true,79
BenchmarkTest02583,xss,true,79
BenchmarkTest02584,xss,true,79
BenchmarkTest02585,xss,true,79
BenchmarkTest02586,xss,true,79
BenchmarkTest02587,xss,true,79
BenchmarkTest02588,xss,true,79
BenchmarkTest02589,xss,false,79
BenchmarkTest02590,xss,false,79
BenchmarkTest02591,xss,true,79
BenchmarkTest02592,xss,true,79
BenchmarkTest02593,xss,false,79
BenchmarkTest02594,xss,false,79
BenchmarkTest02595,xss,true,79
BenchmarkTest02596,xss,false,79
BenchmarkTest02597,xss,true,79
BenchmarkTest02598,xss,true,79
BenchmarkTest02599,xss,false,79
BenchmarkTest02600,xss,true,79
BenchmarkTest02601,xss,false,79
BenchmarkTest02602,weakrand,true,330
BenchmarkTest02603,weakrand,true,330
BenchmarkTest02604,weakrand,true,330
BenchmarkTest02605,weakrand,true,330
BenchmarkTest02606,weakrand,true,330
BenchmarkTest02607,securecookie,false,614
BenchmarkTest02608,xss,true,79
BenchmarkTest02609,xss,false,79
BenchmarkTest02610,cmdi,false,78
BenchmarkTest02611,cmdi,true,78
BenchmarkTest02612,cmdi,true,78
BenchmarkTest02613,cmdi,true,78
BenchmarkTest02614,weakrand,false,330
BenchmarkTest02615,weakrand,false,330
BenchmarkTest02616,weakrand,false,330
BenchmarkTest02617,weakrand,false,330
BenchmarkTest02618,weakrand,false,330
BenchmarkTest02619,weakrand,false,330
BenchmarkTest02620,weakrand,false,330
BenchmarkTest02621,weakrand,false,330
BenchmarkTest02622,trustbound,true,501
BenchmarkTest02623,trustbound,true,501
BenchmarkTest02624,trustbound,true,501
BenchmarkTest02625,sqli,true,89
BenchmarkTest02626,sqli,false,89
BenchmarkTest02627,sqli,true,89
BenchmarkTest02628,sqli,true,89
BenchmarkTest02629,sqli,false,89
BenchmarkTest02630,sqli,true,89
BenchmarkTest02631,sqli,false,89
BenchmarkTest02632,sqli,true,89
BenchmarkTest02633,sqli,false,89
BenchmarkTest02634,sqli,false,89
BenchmarkTest02635,sqli,true,89
BenchmarkTest02636,sqli,false,89
BenchmarkTest02637,sqli,false,89
BenchmarkTest02638,sqli,true,89
BenchmarkTest02639,sqli,false,89
BenchmarkTest02640,sqli,false,89
BenchmarkTest02641,sqli,true,89
BenchmarkTest02642,sqli,true,89
BenchmarkTest02643,sqli,true,89
BenchmarkTest02644,sqli,true,89
BenchmarkTest02645,sqli,true,89
BenchmarkTest02646,sqli,true,89
BenchmarkTest02647,sqli,true,89
BenchmarkTest02648,sqli,false,89
BenchmarkTest02649,sqli,true,89
BenchmarkTest02650,sqli,true,89
BenchmarkTest02651,sqli,true,89
BenchmarkTest02652,sqli,false,89
BenchmarkTest02653,sqli,true,89
BenchmarkTest02654,sqli,true,89
BenchmarkTest02655,sqli,true,89
BenchmarkTest02656,sqli,true,89
BenchmarkTest02657,sqli,false,89
BenchmarkTest02658,crypto,true,327
BenchmarkTest02659,crypto,false,327
BenchmarkTest02660,crypto,true,327
BenchmarkTest02661,crypto,true,327
BenchmarkTest02662,crypto,false,327
BenchmarkTest02663,crypto,true,327
BenchmarkTest02664,pathtraver,false,22
BenchmarkTest02665,pathtraver,false,22
BenchmarkTest02666,pathtraver,false,22
BenchmarkTest02667,pathtraver,false,22
BenchmarkTest02668,pathtraver,false,22
BenchmarkTest02669,pathtraver,false,22
BenchmarkTest02670,hash,true,328
BenchmarkTest02671,hash,true,328
BenchmarkTest02672,hash,false,328
BenchmarkTest02673,hash,false,328
BenchmarkTest02674,hash,true,328
BenchmarkTest02675,hash,true,328
BenchmarkTest02676,hash,false,328
BenchmarkTest02677,hash,true,328
BenchmarkTest02678,hash,false,328
BenchmarkTest02679,xss,false,79
BenchmarkTest02680,xss,false,79
BenchmarkTest02681,xss,false,79
BenchmarkTest02682,xss,false,79
BenchmarkTest02683,xss,false,79
BenchmarkTest02684,xss,false,79
BenchmarkTest02685,xss,false,79
BenchmarkTest02686,xss,false,79
BenchmarkTest02687,xss,false,79
BenchmarkTest02688,xss,false,79
BenchmarkTest02689,xss,false,79
BenchmarkTest02690,xss,false,79
BenchmarkTest02691,xss,false,79
BenchmarkTest02692,xss,false,79
BenchmarkTest02693,xss,false,79
BenchmarkTest02694,xss,false,79
BenchmarkTest02695,xss,false,79
BenchmarkTest02696,xss,false,79
BenchmarkTest02697,cmdi,false,78
BenchmarkTest02698,cmdi,false,78
BenchmarkTest02699,cmdi,false,78
BenchmarkTest02700,weakrand,true,330
BenchmarkTest02701,weakrand,true,330
BenchmarkTest02702,weakrand,true,330
BenchmarkTest02703,weakrand,true,330
BenchmarkTest02704,weakrand,true,330
BenchmarkTest02705,weakrand,true,330
BenchmarkTest02706,weakrand,true,330
BenchmarkTest02707,weakrand,true,330
BenchmarkTest02708,weakrand,true,330
BenchmarkTest02709,securecookie,true,614
BenchmarkTest02710,securecookie,true,614
BenchmarkTest02711,securecookie,false,614
BenchmarkTest02712,xss,false,79
BenchmarkTest02713,cmdi,false,78
BenchmarkTest02714,cmdi,false,78
BenchmarkTest02715,weakrand,false,330
BenchmarkTest02716,weakrand,false,330
BenchmarkTest02717,weakrand,false,330
BenchmarkTest02718,weakrand,false,330
BenchmarkTest02719,weakrand,false,330
BenchmarkTest02720,weakrand,false,330
BenchmarkTest02721,weakrand,false,330
BenchmarkTest02722,trustbound,false,501
BenchmarkTest02723,trustbound,false,501
BenchmarkTest02724,trustbound,false,501
BenchmarkTest02725,trustbound,false,501
BenchmarkTest02726,trustbound,false,501
BenchmarkTest02727,sqli,false,89
BenchmarkTest02728,sqli,false,89
BenchmarkTest02729,sqli,false,89
BenchmarkTest02730,sqli,false,89
BenchmarkTest02731,sqli,false,89
BenchmarkTest02732,sqli,false,89
BenchmarkTest02733,sqli,false,89
BenchmarkTest02734,sqli,false,89
BenchmarkTest02735,sqli,false,89
BenchmarkTest02736,sqli,false,89
BenchmarkTest02737,sqli,false,89
BenchmarkTest02738,sqli,false,89
BenchmarkTest02739,sqli,false,89
BenchmarkTest02740,sqli,false,89
