# test name, category, real vulnerability, cwe, Benchmark version: 1.2beta, 2015-08-15
BenchmarkTest00001,pathtraver,true,22
BenchmarkTest00002,pathtraver,true,22
BenchmarkTest00003,hash,true,328
BenchmarkTest00004,cmdi,true,78
BenchmarkTest00005,sqli,true,89
BenchmarkTest00006,hash,false,328
BenchmarkTest00007,xss,true,79
BenchmarkTest00008,cmdi,true,78
BenchmarkTest00009,crypto,false,327
BenchmarkTest00010,hash,true,328
BenchmarkTest00011,weakrand,false,330
BenchmarkTest00012,crypto,false,327
BenchmarkTest00013,pathtraver,true,22
BenchmarkTest00014,pathtraver,true,22
BenchmarkTest00015,hash,false,328
BenchmarkTest00016,xss,true,79
BenchmarkTest00017,xss,true,79
BenchmarkTest00018,sqli,true,89
BenchmarkTest00019,sqli,true,89
BenchmarkTest00020,weakrand,true,330
BenchmarkTest00021,weakrand,false,330
BenchmarkTest00022,pathtraver,true,22
BenchmarkTest00023,xss,true,79
BenchmarkTest00024,weakrand,false,330
BenchmarkTest00025,weakrand,false,330
BenchmarkTest00026,trustbound,true,501
BenchmarkTest00027,sqli,true,89
BenchmarkTest00028,crypto,true,327
BenchmarkTest00029,pathtraver,true,22
BenchmarkTest00030,weakrand,true,330
BenchmarkTest00031,cmdi,true,78
BenchmarkTest00032,weakrand,false,330
BenchmarkTest00033,trustbound,true,501
BenchmarkTest00034,sqli,true,89
BenchmarkTest00035,sqli,true,89
BenchmarkTest00036,hash,true,328
BenchmarkTest00037,weakrand,false,330
BenchmarkTest00038,weakrand,false,330
BenchmarkTest00039,trustbound,true,501
BenchmarkTest00040,sqli,true,89
BenchmarkTest00041,hash,true,328
BenchmarkTest00042,cmdi,true,78
BenchmarkTest00043,sqli,true,89
BenchmarkTest00044,sqli,true,89
BenchmarkTest00045,crypto,false,327
BenchmarkTest00046,pathtraver,true,22
BenchmarkTest00047,pathtraver,true,22
BenchmarkTest00048,pathtraver,true,22
BenchmarkTest00049,xss,true,79
BenchmarkTest00050,sqli,true,89
BenchmarkTest00051,xss,false,79
BenchmarkTest00052,cmdi,false,78
BenchmarkTest00053,sqli,false,89
BenchmarkTest00054,crypto,true,327
BenchmarkTest00055,crypto,false,327
BenchmarkTest00056,crypto,false,327
BenchmarkTest00057,crypto,true,327
BenchmarkTest00058,crypto,true,327
BenchmarkTest00059,crypto,true,327
BenchmarkTest00060,ldapi,false,90
BenchmarkTest00061,pathtraver,false,22
BenchmarkTest00062,pathtraver,true,22
BenchmarkTest00063,pathtraver,true,22
BenchmarkTest00064,pathtraver,true,22
BenchmarkTest00065,pathtraver,false,22
BenchmarkTest00066,ldapi,true,90
BenchmarkTest00067,ldapi,false,90
BenchmarkTest00068,ldapi,false,90
BenchmarkTest00069,hash,true,328
BenchmarkTest00070,hash,false,328
BenchmarkTest00071,hash,true,328
BenchmarkTest00072,hash,true,328
BenchmarkTest00073,hash,true,328
BenchmarkTest00074,hash,false,328
BenchmarkTest00075,hash,true,328
BenchmarkTest00076,hash,false,328
BenchmarkTest00077,xss,false,79
BenchmarkTest00078,xss,false,79
BenchmarkTest00079,xss,false,79
BenchmarkTest00080,xss,false,79
BenchmarkTest00081,xss,false,79
BenchmarkTest00082,xss,false,79
BenchmarkTest00083,xss,false,79
BenchmarkTest00084,xss,false,79
BenchmarkTest00085,xss,false,79
BenchmarkTest00086,xss,false,79
BenchmarkTest00087,xss,false,79
BenchmarkTest00088,xss,false,79
BenchmarkTest00089,xss,false,79
BenchmarkTest00090,xss,false,79
BenchmarkTest00091,xss,false,79
BenchmarkTest00092,xss,false,79
BenchmarkTest00093,xss,false,79
BenchmarkTest00094,cmdi,true,78
BenchmarkTest00095,weakrand,true,330
BenchmarkTest00096,weakrand,true,330
BenchmarkTest00097,securecookie,false,614
BenchmarkTest00098,xss,false,79
BenchmarkTest00099,cmdi,true,78
BenchmarkTest00100,cmdi,false,78
BenchmarkTest00101,weakrand,false,330
BenchmarkTest00102,weakrand,false,330
BenchmarkTest00103,weakrand,false,330
BenchmarkTest00104,weakrand,false,330
BenchmarkTest00105,weakrand,false,330
BenchmarkTest00106,weakrand,false,330
BenchmarkTest00107,weakrand,false,330
BenchmarkTest00108,weakrand,false,330
BenchmarkTest00109,weakrand,false,330
BenchmarkTest00110,weakrand,false,330
BenchmarkTest00111,trustbound,true,501
BenchmarkTest00112,trustbound,true,501
BenchmarkTest00113,trustbound,false,501
BenchmarkTest00114,trustbound,true,501
BenchmarkTest00115,trustbound,true,501
BenchmarkTest00116,trustbound,true,501
BenchmarkTest00117,trustbound,true,501
BenchmarkTest00118,trustbound,true,501
BenchmarkTest00119,sqli,true,89
BenchmarkTest00120,sqli,true,89
BenchmarkTest00121,sqli,true,89
BenchmarkTest00122,sqli,false,89
BenchmarkTest00123,sqli,true,89
BenchmarkTest00124,sqli,true,89
BenchmarkTest00125,sqli,true,89
BenchmarkTest00126,sqli,true,89
BenchmarkTest00127,sqli,true,89
BenchmarkTest00128,sqli,false,89
BenchmarkTest00129,sqli,false,89
BenchmarkTest00130,sqli,true,89
BenchmarkTest00131,sqli,true,89
BenchmarkTest00132,sqli,true,89
BenchmarkTest00133,sqli,false,89
BenchmarkTest00134,sqli,false,89
BenchmarkTest00135,sqli,true,89
BenchmarkTest00136,sqli,true,89
BenchmarkTest00137,sqli,true,89
BenchmarkTest00138,xpathi,true,643
BenchmarkTest00139,xpathi,true,643
BenchmarkTest00140,xpathi,true,643
BenchmarkTest00141,crypto,true,327
BenchmarkTest00142,crypto,true,327
BenchmarkTest00143,crypto,false,327
BenchmarkTest00144,pathtraver,false,22
BenchmarkTest00145,pathtraver,false,22
BenchmarkTest00146,pathtraver,false,22
BenchmarkTest00147,pathtraver,false,22
BenchmarkTest00148,pathtraver,false,22
BenchmarkTest00149,pathtraver,true,22
BenchmarkTest00150,pathtraver,true,22
BenchmarkTest00151,ldapi,true,90
BenchmarkTest00152,hash,true,328
BenchmarkTest00153,hash,true,328
BenchmarkTest00154,hash,false,328
BenchmarkTest00155,hash,false,328
BenchmarkTest00156,hash,true,328
BenchmarkTest00157,hash,true,328
BenchmarkTest00158,hash,false,328
BenchmarkTest00159,xss,true,79
BenchmarkTest00160,xss,false,79
BenchmarkTest00161,xss,true,79
BenchmarkTest00162,xss,true,79
BenchmarkTest00163,xss,false,79
BenchmarkTest00164,xss,false,79
BenchmarkTest00165,xss,false,79
BenchmarkTest00166,xss,true,79
BenchmarkTest00167,xss,false,79
BenchmarkTest00168,xss,true,79
BenchmarkTest00169,xss,true,79
BenchmarkTest00170,xss,true,79
BenchmarkTest00171,xss,false,79
BenchmarkTest00172,xss,true,79
BenchmarkTest00173,xss,true,79
BenchmarkTest00174,xss,false,79
BenchmarkTest00175,xss,false,79
BenchmarkTest00176,xss,true,79
BenchmarkTest00177,xss,false,79
BenchmarkTest00178,cmdi,true,78
BenchmarkTest00179,cmdi,true,78
BenchmarkTest00180,weakrand,true,330
BenchmarkTest00181,weakrand,true,330
BenchmarkTest00182,weakrand,true,330
BenchmarkTest00183,weakrand,true,330
BenchmarkTest00184,weakrand,true,330
BenchmarkTest00185,weakrand,true,330
BenchmarkTest00186,weakrand,true,330
BenchmarkTest00187,weakrand,true,330
BenchmarkTest00188,securecookie,true,614
BenchmarkTest00189,cmdi,false,78
BenchmarkTest00190,cmdi,false,78
BenchmarkTest00191,cmdi,true,78
BenchmarkTest00192,cmdi,true,78
BenchmarkTest00193,weakrand,false,330
BenchmarkTest00194,weakrand,false,330
BenchmarkTest00195,weakrand,false,330
BenchmarkTest00196,weakrand,false,330
BenchmarkTest00197,weakrand,false,330
BenchmarkTest00198,weakrand,false,330
BenchmarkTest00199,weakrand,false,330
BenchmarkTest00200,weakrand,false,330
BenchmarkTest00201,weakrand,false,330
BenchmarkTest00202,trustbound,true,501
BenchmarkTest00203,trustbound,true,501
BenchmarkTest00204,trustbound,true,501
BenchmarkTest00205,trustbound,true,501
BenchmarkTest00206,trustbound,false,501
BenchmarkTest00207,trustbound,true,501
BenchmarkTest00208,sqli,false,89
BenchmarkTest00209,sqli,false,89
BenchmarkTest00210,sqli,true,89
BenchmarkTest00211,sqli,true,89
BenchmarkTest00212,sqli,true,89
BenchmarkTest00213,sqli,false,89
BenchmarkTest00214,sqli,true,89
BenchmarkTest00215,sqli,false,89
BenchmarkTest00216,sqli,true,89
BenchmarkTest00217,sqli,true,89
BenchmarkTest00218,sqli,true,89
BenchmarkTest00219,sqli,false,89
BenchmarkTest00220,sqli,true,89
BenchmarkTest00221,sqli,true,89
BenchmarkTest00222,sqli,true,89
BenchmarkTest00223,sqli,true,89
BenchmarkTest00224,xpathi,false,643
BenchmarkTest00225,crypto,false,327
BenchmarkTest00226,crypto,true,327
BenchmarkTest00227,crypto,true,327
BenchmarkTest00228,crypto,false,327
BenchmarkTest00229,crypto,false,327
BenchmarkTest00230,crypto,true,327
BenchmarkTest00231,pathtraver,true,22
BenchmarkTest00232,pathtraver,true,22
BenchmarkTest00233,pathtraver,false,22
BenchmarkTest00234,pathtraver,true,22
BenchmarkTest00235,pathtraver,true,22
BenchmarkTest00236,pathtraver,false,22
BenchmarkTest00237,pathtraver,true,22
BenchmarkTest00238,pathtraver,false,22
BenchmarkTest00239,pathtraver,false,22
BenchmarkTest00240,pathtraver,true,22
BenchmarkTest00241,pathtraver,false,22
BenchmarkTest00242,pathtraver,false,22
BenchmarkTest00243,pathtraver,true,22
BenchmarkTest00244,weakrand,true,330
BenchmarkTest00245,hash,true,328
BenchmarkTest00246,hash,false,328
BenchmarkTest00247,hash,true,328
BenchmarkTest00248,hash,false,328
BenchmarkTest00249,hash,false,328
BenchmarkTest00250,weakrand,true,330
BenchmarkTest00251,weakrand,true,330
BenchmarkTest00252,weakrand,true,330
BenchmarkTest00253,weakrand,true,330
BenchmarkTest00254,weakrand,true,330
BenchmarkTest00255,weakrand,true,330
BenchmarkTest00256,weakrand,true,330
BenchmarkTest00257,weakrand,true,330
BenchmarkTest00258,weakrand,true,330
BenchmarkTest00259,securecookie,true,614
BenchmarkTest00260,securecookie,true,614
BenchmarkTest00261,weakrand,false,330
BenchmarkTest00262,weakrand,false,330
BenchmarkTest00263,weakrand,false,330
BenchmarkTest00264,weakrand,false,330
BenchmarkTest00265,trustbound,true,501
BenchmarkTest00266,crypto,true,327
BenchmarkTest00267,crypto,false,327
BenchmarkTest00268,crypto,true,327
BenchmarkTest00269,crypto,false,327
BenchmarkTest00270,crypto,false,327
BenchmarkTest00271,crypto,false,327
BenchmarkTest00272,crypto,false,327
BenchmarkTest00273,crypto,true,327
BenchmarkTest00274,crypto,false,327
BenchmarkTest00275,pathtraver,true,22
BenchmarkTest00276,pathtraver,true,22
BenchmarkTest00277,pathtraver,false,22
BenchmarkTest00278,pathtraver,false,22
BenchmarkTest00279,pathtraver,true,22
BenchmarkTest00280,pathtraver,true,22
BenchmarkTest00281,pathtraver,true,22
BenchmarkTest00282,pathtraver,true,22
BenchmarkTest00283,weakrand,true,330
BenchmarkTest00284,hash,true,328
BenchmarkTest00285,hash,false,328
BenchmarkTest00286,hash,true,328
BenchmarkTest00287,hash,false,328
BenchmarkTest00288,hash,false,328
BenchmarkTest00289,hash,true,328
BenchmarkTest00290,hash,true,328
BenchmarkTest00291,hash,true,328
BenchmarkTest00292,hash,false,328
BenchmarkTest00293,hash,true,328
BenchmarkTest00294,hash,false,328
BenchmarkTest00295,xss,true,79
BenchmarkTest00296,xss,true,79
BenchmarkTest00297,xss,true,79
BenchmarkTest00298,xss,true,79
BenchmarkTest00299,xss,true,79
BenchmarkTest00300,xss,false,79
BenchmarkTest00301,xss,false,79
BenchmarkTest00302,xss,false,79
BenchmarkTest00303,xss,false,79
BenchmarkTest00304,xss,true,79
BenchmarkTest00305,xss,false,79
BenchmarkTest00306,xss,false,79
BenchmarkTest00307,xss,false,79
BenchmarkTest00308,xss,false,79
BenchmarkTest00309,xss,false,79
BenchmarkTest00310,xss,true,79
BenchmarkTest00311,xss,true,79
BenchmarkTest00312,cmdi,true,78
BenchmarkTest00313,cmdi,false,78
BenchmarkTest00314,weakrand,true,330
BenchmarkTest00315,weakrand,true,330
BenchmarkTest00316,weakrand,true,330
BenchmarkTest00317,weakrand,true,330
BenchmarkTest00318,weakrand,true,330
BenchmarkTest00319,weakrand,true,330
BenchmarkTest00320,weakrand,true,330
BenchmarkTest00321,securecookie,true,614
BenchmarkTest00322,securecookie,false,614
BenchmarkTest00323,securecookie,false,614
BenchmarkTest00324,xss,false,79
BenchmarkTest00325,xss,true,79
BenchmarkTest00326,cmdi,false,78
BenchmarkTest00327,cmdi,true,78
BenchmarkTest00328,cmdi,false,78
BenchmarkTest00329,cmdi,true,78
BenchmarkTest00330,cmdi,true,78
BenchmarkTest00331,cmdi,true,78
BenchmarkTest00332,cmdi,true,78
BenchmarkTest00333,cmdi,true,78
BenchmarkTest00334,cmdi,true,78
BenchmarkTest00335,weakrand,false,330
BenchmarkTest00336,weakrand,false,330
BenchmarkTest00337,weakrand,false,330
BenchmarkTest00338,weakrand,false,330
BenchmarkTest00339,weakrand,false,330
BenchmarkTest00340,weakrand,false,330
BenchmarkTest00341,weakrand,false,330
BenchmarkTest00342,weakrand,false,330
BenchmarkTest00343,weakrand,false,330
BenchmarkTest00344,weakrand,false,330
BenchmarkTest00345,sqli,true,89
BenchmarkTest00346,sqli,false,89
BenchmarkTest00347,sqli,false,89
BenchmarkTest00348,sqli,false,89
BenchmarkTest00349,sqli,true,89
BenchmarkTest00350,sqli,false,89
BenchmarkTest00351,sqli,true,89
BenchmarkTest00352,sqli,false,89
BenchmarkTest00353,sqli,true,89
BenchmarkTest00354,sqli,true,89
BenchmarkTest00355,sqli,true,89
BenchmarkTest00356,sqli,true,89
BenchmarkTest00357,sqli,false,89
BenchmarkTest00358,sqli,true,89
BenchmarkTest00359,sqli,true,89
BenchmarkTest00360,sqli,true,89
BenchmarkTest00361,sqli,false,89
BenchmarkTest00362,sqli,true,89
BenchmarkTest00363,sqli,true,89
BenchmarkTest00364,sqli,false,89
BenchmarkTest00365,xpathi,false,643
BenchmarkTest00366,xpathi,false,643
BenchmarkTest00367,hash,true,328
BenchmarkTest00368,crypto,true,327
BenchmarkTest00369,crypto,true,327
BenchmarkTest00370,crypto,true,327
BenchmarkTest00371,crypto,false,327
BenchmarkTest00372,crypto,true,327
BenchmarkTest00373,crypto,true,327
BenchmarkTest00374,crypto,true,327
BenchmarkTest00375,pathtraver,false,22
BenchmarkTest00376,pathtraver,false,22
BenchmarkTest00377,pathtraver,false,22
BenchmarkTest00378,pathtraver,false,22
BenchmarkTest00379,pathtraver,true,22
BenchmarkTest00380,pathtraver,true,22
BenchmarkTest00381,pathtraver,true,22
BenchmarkTest00382,pathtraver,false,22
BenchmarkTest00383,pathtraver,true,22
BenchmarkTest00384,pathtraver,true,22
BenchmarkTest00385,pathtraver,false,22
BenchmarkTest00386,pathtraver,false,22
BenchmarkTest00387,weakrand,true,330
BenchmarkTest00388,weakrand,true,330
BenchmarkTest00389,hash,true,328
BenchmarkTest00390,hash,false,328
BenchmarkTest00391,hash,false,328
BenchmarkTest00392,hash,false,328
BenchmarkTest00393,hash,true,328
BenchmarkTest00394,hash,false,328
BenchmarkTest00395,hash,false,328
BenchmarkTest00396,hash,false,328
BenchmarkTest00397,xss,true,79
BenchmarkTest00398,xss,true,79
BenchmarkTest00399,xss,true,79
BenchmarkTest00400,xss,false,79
BenchmarkTest00401,xss,false,79
BenchmarkTest00402,xss,false,79
BenchmarkTest00403,xss,true,79
BenchmarkTest00404,xss,false,79
BenchmarkTest00405,xss,false,79
BenchmarkTest00406,xss,true,79
BenchmarkTest00407,xss,true,79
BenchmarkTest00408,xss,true,79
BenchmarkTest00409,xss,true,79
BenchmarkTest00410,xss,false,79
BenchmarkTest00411,xss,false,79
BenchmarkTest00412,xss,true,79
BenchmarkTest00413,xss,true,79
BenchmarkTest00414,cmdi,false,78
BenchmarkTest00415,cmdi,false,78
BenchmarkTest00416,weakrand,true,330
BenchmarkTest00417,weakrand,true,330
BenchmarkTest00418,weakrand,true,330
BenchmarkTest00419,weakrand,true,330
BenchmarkTest00420,weakrand,true,330
BenchmarkTest00421,weakrand,true,330
BenchmarkTest00422,weakrand,true,330
BenchmarkTest00423,weakrand,true,330
BenchmarkTest00424,securecookie,false,614
BenchmarkTest00425,xss,true,79
BenchmarkTest00426,xss,false,79
BenchmarkTest00427,cmdi,true,78
BenchmarkTest00428,cmdi,true,78
BenchmarkTest00429,cmdi,false,78
BenchmarkTest00430,cmdi,true,78
BenchmarkTest00431,weakrand,false,330
BenchmarkTest00432,weakrand,false,330
BenchmarkTest00433,weakrand,false,330
BenchmarkTest00434,weakrand,false,330
BenchmarkTest00435,weakrand,false,330
BenchmarkTest00436,weakrand,false,330
BenchmarkTest00437,weakrand,false,330
BenchmarkTest00438,weakrand,false,330
BenchmarkTest00439,weakrand,false,330
BenchmarkTest00440,trustbound,true,501
BenchmarkTest00441,trustbound,false,501
BenchmarkTest00442,trustbound,false,501
BenchmarkTest00443,sqli,false,89
BenchmarkTest00444,sqli,false,89
BenchmarkTest00445,sqli,false,89
BenchmarkTest00446,sqli,true,89
BenchmarkTest00447,sqli,true,89
BenchmarkTest00448,sqli,true,89
BenchmarkTest00449,sqli,false,89
BenchmarkTest00450,sqli,true,89
BenchmarkTest00451,sqli,true,89
BenchmarkTest00452,sqli,false,89
BenchmarkTest00453,sqli,false,89
BenchmarkTest00454,sqli,true,89
BenchmarkTest00455,sqli,false,89
BenchmarkTest00456,sqli,false,89
BenchmarkTest00457,sqli,true,89
BenchmarkTest00458,sqli,true,89
BenchmarkTest00459,sqli,false,89
BenchmarkTest00460,sqli,true,89
BenchmarkTest00461,crypto,true,327
BenchmarkTest00462,crypto,true,327
BenchmarkTest00463,crypto,false,327
BenchmarkTest00464,crypto,false,327
BenchmarkTest00465,crypto,false,327
BenchmarkTest00466,crypto,false,327
BenchmarkTest00467,pathtraver,false,22
BenchmarkTest00468,pathtraver,true,22
BenchmarkTest00469,pathtraver,false,22
BenchmarkTest00470,pathtraver,false,22
BenchmarkTest00471,pathtraver,true,22
BenchmarkTest00472,ldapi,false,90
BenchmarkTest00473,ldapi,false,90
BenchmarkTest00474,hash,true,328
BenchmarkTest00475,hash,false,328
BenchmarkTest00476,hash,false,328
BenchmarkTest00477,hash,false,328
BenchmarkTest00478,hash,true,328
BenchmarkTest00479,hash,false,328
BenchmarkTest00480,hash,true,328
BenchmarkTest00481,hash,false,328
BenchmarkTest00482,xss,true,79
BenchmarkTest00483,xss,false,79
BenchmarkTest00484,xss,false,79
BenchmarkTest00485,xss,true,79
BenchmarkTest00486,xss,true,79
BenchmarkTest00487,xss,false,79
BenchmarkTest00488,xss,true,79
BenchmarkTest00489,xss,false,79
BenchmarkTest00490,xss,true,79
BenchmarkTest00491,xss,false,79
BenchmarkTest00492,xss,true,79
BenchmarkTest00493,xss,true,79
BenchmarkTest00494,xss,true,79
BenchmarkTest00495,xss,true,79
BenchmarkTest00496,xss,true,79
BenchmarkTest00497,xss,true,79
BenchmarkTest00498,xss,true,79
BenchmarkTest00499,xss,false,79
BenchmarkTest00500,xss,true,79
BenchmarkTest00501,xss,true,79
BenchmarkTest00502,cmdi,false,78
BenchmarkTest00503,weakrand,true,330
BenchmarkTest00504,weakrand,true,330
BenchmarkTest00505,weakrand,true,330
BenchmarkTest00506,weakrand,true,330
BenchmarkTest00507,weakrand,true,330
BenchmarkTest00508,cmdi,true,78
BenchmarkTest00509,cmdi,true,78
BenchmarkTest00510,cmdi,true,78
BenchmarkTest00511,weakrand,false,330
BenchmarkTest00512,weakrand,false,330
BenchmarkTest00513,weakrand,false,330
BenchmarkTest00514,weakrand,false,330
BenchmarkTest00515,weakrand,false,330
BenchmarkTest00516,weakrand,false,330
BenchmarkTest00517,weakrand,false,330
BenchmarkTest00518,trustbound,false,501
BenchmarkTest00519,trustbound,true,501
BenchmarkTest00520,trustbound,true,501
BenchmarkTest00521,sqli,true,89
BenchmarkTest00522,sqli,false,89
BenchmarkTest00523,sqli,true,89
BenchmarkTest00524,sqli,true,89
BenchmarkTest00525,sqli,true,89
BenchmarkTest00526,sqli,false,89
BenchmarkTest00527,sqli,false,89
BenchmarkTest00528,sqli,false,89
BenchmarkTest00529,sqli,false,89
BenchmarkTest00530,xpathi,true,643
BenchmarkTest00531,crypto,true,327
BenchmarkTest00532,crypto,true,327
BenchmarkTest00533,crypto,true,327
BenchmarkTest00534,crypto,false,327
BenchmarkTest00535,crypto,false,327
BenchmarkTest00536,crypto,true,327
BenchmarkTest00537,crypto,false,327
BenchmarkTest00538,crypto,false,327
BenchmarkTest00539,crypto,true,327
BenchmarkTest00540,crypto,false,327
BenchmarkTest00541,pathtraver,false,22
BenchmarkTest00542,pathtraver,true,22
BenchmarkTest00543,pathtraver,false,22
BenchmarkTest00544,pathtraver,false,22
BenchmarkTest00545,pathtraver,true,22
BenchmarkTest00546,pathtraver,true,22
BenchmarkTest00547,pathtraver,false,22
BenchmarkTest00548,pathtraver,true,22
BenchmarkTest00549,weakrand,true,330
BenchmarkTest00550,weakrand,true,330
BenchmarkTest00551,hash,true,328
BenchmarkTest00552,hash,true,328
BenchmarkTest00553,hash,true,328
BenchmarkTest00554,hash,true,328
BenchmarkTest00555,hash,true,328
BenchmarkTest00556,hash,false,328
BenchmarkTest00557,hash,false,328
BenchmarkTest00558,hash,false,328
BenchmarkTest00559,hash,false,328
BenchmarkTest00560,xss,true,79
BenchmarkTest00561,xss,true,79
BenchmarkTest00562,xss,false,79
BenchmarkTest00563,xss,true,79
BenchmarkTest00564,xss,false,79
BenchmarkTest00565,xss,true,79
BenchmarkTest00566,xss,true,79
BenchmarkTest00567,xss,false,79
BenchmarkTest00568,xss,true,79
BenchmarkTest00569,xss,false,79
BenchmarkTest00570,xss,false,79
BenchmarkTest00571,xss,true,79
BenchmarkTest00572,xss,true,79
BenchmarkTest00573,xss,true,79
BenchmarkTest00574,xss,true,79
BenchmarkTest00575,xss,false,79
BenchmarkTest00576,xss,true,79
BenchmarkTest00577,xss,true,79
BenchmarkTest00578,cmdi,false,78
BenchmarkTest00579,cmdi,false,78
BenchmarkTest00580,cmdi,false,78
BenchmarkTest00581,cmdi,true,78
BenchmarkTest00582,weakrand,true,330
BenchmarkTest00583,weakrand,true,330
BenchmarkTest00584,weakrand,true,330
BenchmarkTest00585,weakrand,true,330
BenchmarkTest00586,securecookie,true,614
BenchmarkTest00587,xss,true,79
BenchmarkTest00588,cmdi,false,78
BenchmarkTest00589,cmdi,false,78
BenchmarkTest00590,cmdi,true,78
BenchmarkTest00591,cmdi,false,78
BenchmarkTest00592,cmdi,true,78
BenchmarkTest00593,cmdi,true,78
BenchmarkTest00594,weakrand,false,330
BenchmarkTest00595,weakrand,false,330
BenchmarkTest00596,weakrand,false,330
BenchmarkTest00597,weakrand,false,330
BenchmarkTest00598,weakrand,false,330
BenchmarkTest00599,weakrand,false,330
BenchmarkTest00600,weakrand,false,330
BenchmarkTest00601,weakrand,false,330
BenchmarkTest00602,weakrand,false,330
BenchmarkTest00603,weakrand,false,330
BenchmarkTest00604,weakrand,false,330
BenchmarkTest00605,trustbound,false,501
BenchmarkTest00606,trustbound,true,501
BenchmarkTest00607,trustbound,false,501
BenchmarkTest00608,trustbound,false,501
BenchmarkTest00609,sqli,true,89
BenchmarkTest00610,sqli,false,89
BenchmarkTest00611,sqli,false,89
BenchmarkTest00612,sqli,true,89
BenchmarkTest00613,sqli,true,89
BenchmarkTest00614,sqli,true,89
BenchmarkTest00615,sqli,false,89
BenchmarkTest00616,sqli,false,89
BenchmarkTest00617,sqli,true,89
BenchmarkTest00618,sqli,true,89
BenchmarkTest00619,sqli,true,89
BenchmarkTest00620,sqli,false,89
BenchmarkTest00621,sqli,true,89
BenchmarkTest00622,sqli,true,89
BenchmarkTest00623,sqli,false,89
BenchmarkTest00624,sqli,false,89
BenchmarkTest00625,sqli,true,89
BenchmarkTest00626,sqli,false,89
BenchmarkTest00627,sqli,false,89
BenchmarkTest00628,sqli,true,89
BenchmarkTest00629,sqli,true,89
BenchmarkTest00630,xpathi,true,643
BenchmarkTest00631,crypto,false,327
BenchmarkTest00632,crypto,true,327
BenchmarkTest00633,crypto,true,327
BenchmarkTest00634,crypto,true,327
BenchmarkTest00635,crypto,true,327
BenchmarkTest00636,crypto,false,327
BenchmarkTest00637,crypto,false,327
BenchmarkTest00638,crypto,false,327
BenchmarkTest00639,crypto,false,327
BenchmarkTest00640,crypto,false,327
BenchmarkTest00641,ldapi,false,90
BenchmarkTest00642,pathtraver,true,22
BenchmarkTest00643,pathtraver,true,22
BenchmarkTest00644,pathtraver,true,22
BenchmarkTest00645,pathtraver,true,22
BenchmarkTest00646,weakrand,true,330
BenchmarkTest00647,hash,true,328
BenchmarkTest00648,hash,false,328
BenchmarkTest00649,hash,true,328
BenchmarkTest00650,hash,true,328
BenchmarkTest00651,hash,true,328
BenchmarkTest00652,xss,true,79
BenchmarkTest00653,xss,true,79
BenchmarkTest00654,xss,true,79
BenchmarkTest00655,xss,false,79
BenchmarkTest00656,xss,true,79
BenchmarkTest00657,xss,true,79
BenchmarkTest00658,xss,false,79
BenchmarkTest00659,xss,true,79
BenchmarkTest00660,weakrand,true,330
BenchmarkTest00661,weakrand,true,330
BenchmarkTest00662,weakrand,true,330
BenchmarkTest00663,weakrand,true,330
BenchmarkTest00664,weakrand,true,330
BenchmarkTest00665,weakrand,true,330
BenchmarkTest00666,weakrand,true,330
BenchmarkTest00667,weakrand,true,330
BenchmarkTest00668,securecookie,true,614
BenchmarkTest00669,securecookie,true,614
BenchmarkTest00670,securecookie,false,614
BenchmarkTest00671,securecookie,false,614
BenchmarkTest00672,cmdi,true,78
BenchmarkTest00673,cmdi,true,78
BenchmarkTest00674,cmdi,true,78
BenchmarkTest00675,cmdi,true,78
BenchmarkTest00676,weakrand,false,330
BenchmarkTest00677,weakrand,false,330
BenchmarkTest00678,weakrand,false,330
BenchmarkTest00679,weakrand,false,330
BenchmarkTest00680,weakrand,false,330
BenchmarkTest00681,weakrand,false,330
BenchmarkTest00682,trustbound,false,501
BenchmarkTest00683,trustbound,true,501
BenchmarkTest00684,sqli,true,89
BenchmarkTest00685,sqli,true,89
BenchmarkTest00686,sqli,false,89
BenchmarkTest00687,sqli,false,89
BenchmarkTest00688,sqli,true,89
BenchmarkTest00689,sqli,true,89
BenchmarkTest00690,sqli,true,89
BenchmarkTest00691,sqli,true,89
BenchmarkTest00692,sqli,true,89
BenchmarkTest00693,sqli,true,89
BenchmarkTest00694,sqli,false,89
BenchmarkTest00695,sqli,false,89
BenchmarkTest00696,sqli,true,89
BenchmarkTest00697,sqli,false,89
BenchmarkTest00698,sqli,false,89
BenchmarkTest00699,sqli,true,89
BenchmarkTest00700,sqli,false,89
BenchmarkTest00701,xpathi,true,643
BenchmarkTest00702,xpathi,false,643
BenchmarkTest00703,crypto,true,327
BenchmarkTest00704,crypto,false,327
BenchmarkTest00705,crypto,false,327
BenchmarkTest00706,crypto,false,327
BenchmarkTest00707,crypto,true,327
BenchmarkTest00708,crypto,true,327
BenchmarkTest00709,crypto,false,327
BenchmarkTest00710,crypto,false,327
BenchmarkTest00711,ldapi,true,90
BenchmarkTest00712,ldapi,false,90
BenchmarkTest00713,pathtraver,false,22
BenchmarkTest00714,pathtraver,true,22
BenchmarkTest00715,pathtraver,false,22
BenchmarkTest00716,pathtraver,true,22
BenchmarkTest00717,pathtraver,false,22
BenchmarkTest00718,pathtraver,true,22
BenchmarkTest00719,pathtraver,true,22
BenchmarkTest00720,pathtraver,true,22
BenchmarkTest00721,pathtraver,true,22
BenchmarkTest00722,ldapi,true,90
BenchmarkTest00723,ldapi,true,90
BenchmarkTest00724,hash,false,328
BenchmarkTest00725,hash,false,328
BenchmarkTest00726,hash,false,328
BenchmarkTest00727,hash,false,328
BenchmarkTest00728,hash,true,328
BenchmarkTest00729,hash,true,328
BenchmarkTest00730,hash,true,328
BenchmarkTest00731,hash,false,328
BenchmarkTest00732,xss,false,79
BenchmarkTest00733,xss,false,79
BenchmarkTest00734,xss,false,79
BenchmarkTest00735,xss,true,79
BenchmarkTest00736,xss,true,79
BenchmarkTest00737,xss,true,79
BenchmarkTest00738,xss,true,79
BenchmarkTest00739,xss,false,79
BenchmarkTest00740,xss,true,79
BenchmarkTest00741,xss,false,79
BenchmarkTest00742,xss,true,79
BenchmarkTest00743,xss,true,79
BenchmarkTest00744,xss,true,79
BenchmarkTest00745,xss,true,79
BenchmarkTest00746,xss,true,79
BenchmarkTest00747,cmdi,true,78
BenchmarkTest00748,cmdi,true,78
BenchmarkTest00749,weakrand,true,330
BenchmarkTest00750,weakrand,true,330
BenchmarkTest00751,weakrand,true,330
BenchmarkTest00752,weakrand,true,330
BenchmarkTest00753,weakrand,true,330
BenchmarkTest00754,securecookie,false,614
BenchmarkTest00755,securecookie,false,614
BenchmarkTest00756,xss,true,79
BenchmarkTest00757,cmdi,false,78
BenchmarkTest00758,cmdi,true,78
BenchmarkTest00759,cmdi,true,78
BenchmarkTest00760,cmdi,false,78
BenchmarkTest00761,cmdi,true,78
BenchmarkTest00762,cmdi,true,78
BenchmarkTest00763,weakrand,false,330
BenchmarkTest00764,weakrand,false,330
BenchmarkTest00765,weakrand,false,330
BenchmarkTest00766,weakrand,false,330
BenchmarkTest00767,weakrand,false,330
BenchmarkTest00768,weakrand,false,330
BenchmarkTest00769,weakrand,false,330
BenchmarkTest00770,weakrand,false,330
BenchmarkTest00771,weakrand,false,330
BenchmarkTest00772,weakrand,false,330
BenchmarkTest00773,trustbound,true,501
BenchmarkTest00774,trustbound,true,501
BenchmarkTest00775,sqli,true,89
BenchmarkTest00776,sqli,false,89
BenchmarkTest00777,sqli,true,89
BenchmarkTest00778,sqli,true,89
BenchmarkTest00779,sqli,true,89
BenchmarkTest00780,sqli,true,89
BenchmarkTest00781,sqli,true,89
BenchmarkTest00782,sqli,true,89
BenchmarkTest00783,sqli,false,89
BenchmarkTest00784,sqli,true,89
BenchmarkTest00785,sqli,false,89
BenchmarkTest00786,sqli,true,89
BenchmarkTest00787,sqli,false,89
BenchmarkTest00788,sqli,false,89
BenchmarkTest00789,crypto,true,327
BenchmarkTest00790,crypto,true,327
BenchmarkTest00791,crypto,false,327
BenchmarkTest00792,crypto,true,327
BenchmarkTest00793,crypto,true,327
BenchmarkTest00794,crypto,false,327
BenchmarkTest00795,crypto,true,327
BenchmarkTest00796,crypto,true,327
BenchmarkTest00797,crypto,false,327
BenchmarkTest00798,ldapi,false,90
BenchmarkTest00799,ldapi,false,90
BenchmarkTest00800,pathtraver,false,22
BenchmarkTest00801,pathtraver,false,22
BenchmarkTest00802,pathtraver,true,22
BenchmarkTest00803,pathtraver,true,22
BenchmarkTest00804,pathtraver,true,22
BenchmarkTest00805,pathtraver,false,22
BenchmarkTest00806,pathtraver,false,22
BenchmarkTest00807,pathtraver,false,22
BenchmarkTest00808,ldapi,true,90
BenchmarkTest00809,weakrand,true,330
BenchmarkTest00810,weakrand,true,330
BenchmarkTest00811,hash,true,328
BenchmarkTest00812,hash,false,328
BenchmarkTest00813,hash,false,328
BenchmarkTest00814,hash,true,328
BenchmarkTest00815,hash,true,328
BenchmarkTest00816,hash,true,328
BenchmarkTest00817,xss,true,79
BenchmarkTest00818,xss,false,79
BenchmarkTest00819,xss,true,79
BenchmarkTest00820,xss,true,79
BenchmarkTest00821,xss,true,79
BenchmarkTest00822,xss,true,79
BenchmarkTest00823,xss,true,79
BenchmarkTest00824,xss,false,79
BenchmarkTest00825,xss,true,79
BenchmarkTest00826,xss,false,79
BenchmarkTest00827,xss,true,79
BenchmarkTest00828,cmdi,true,78
BenchmarkTest00829,weakrand,true,330
BenchmarkTest00830,weakrand,true,330
BenchmarkTest00831,weakrand,true,330
BenchmarkTest00832,weakrand,true,330
BenchmarkTest00833,xss,false,79
BenchmarkTest00834,cmdi,true,78
BenchmarkTest00835,cmdi,true,78
BenchmarkTest00836,cmdi,false,78
BenchmarkTest00837,cmdi,true,78
BenchmarkTest00838,cmdi,true,78
BenchmarkTest00839,weakrand,false,330
BenchmarkTest00840,weakrand,false,330
BenchmarkTest00841,weakrand,false,330
BenchmarkTest00842,weakrand,false,330
BenchmarkTest00843,weakrand,false,330
BenchmarkTest00844,weakrand,false,330
BenchmarkTest00845,weakrand,false,330
BenchmarkTest00846,weakrand,false,330
BenchmarkTest00847,weakrand,false,330
BenchmarkTest00848,weakrand,false,330
BenchmarkTest00849,weakrand,false,330
BenchmarkTest00850,weakrand,false,330
BenchmarkTest00851,trustbound,true,501
BenchmarkTest00852,trustbound,false,501
BenchmarkTest00853,sqli,true,89
BenchmarkTest00854,sqli,false,89
BenchmarkTest00855,sqli,true,89
BenchmarkTest00856,sqli,false,89
BenchmarkTest00857,sqli,false,89
BenchmarkTest00858,sqli,false,89
BenchmarkTest00859,sqli,false,89
BenchmarkTest00860,sqli,false,89
BenchmarkTest00861,sqli,true,89
BenchmarkTest00862,sqli,true,89
BenchmarkTest00863,sqli,false,89
BenchmarkTest00864,sqli,false,89
BenchmarkTest00865,sqli,true,89
BenchmarkTest00866,sqli,false,89
BenchmarkTest00867,sqli,true,89
BenchmarkTest00868,crypto,true,327
BenchmarkTest00869,crypto,false,327
BenchmarkTest00870,crypto,true,327
BenchmarkTest00871,crypto,true,327
BenchmarkTest00872,crypto,false,327
BenchmarkTest00873,crypto,true,327
BenchmarkTest00874,crypto,true,327
BenchmarkTest00875,crypto,true,327
BenchmarkTest00876,crypto,false,327
BenchmarkTest00877,crypto,false,327
BenchmarkTest00878,ldapi,false,90
BenchmarkTest00879,pathtraver,false,22
BenchmarkTest00880,pathtraver,false,22
BenchmarkTest00881,pathtraver,false,22
BenchmarkTest00882,pathtraver,false,22
BenchmarkTest00883,pathtraver,false,22
BenchmarkTest00884,pathtraver,false,22
BenchmarkTest00885,pathtraver,false,22
BenchmarkTest00886,pathtraver,false,22
BenchmarkTest00887,weakrand,true,330
BenchmarkTest00888,weakrand,true,330
BenchmarkTest00889,hash,false,328
BenchmarkTest00890,hash,true,328
BenchmarkTest00891,hash,true,328
BenchmarkTest00892,hash,false,328
BenchmarkTest00893,hash,false,328
BenchmarkTest00894,hash,false,328
BenchmarkTest00895,hash,false,328
BenchmarkTest00896,hash,false,328
BenchmarkTest00897,xss,false,79
BenchmarkTest00898,xss,false,79
BenchmarkTest00899,xss,false,79
BenchmarkTest00900,xss,false,79
BenchmarkTest00901,xss,false,79
BenchmarkTest00902,xss,false,79
BenchmarkTest00903,xss,false,79
BenchmarkTest00904,xss,false,79
BenchmarkTest00905,xss,false,79
BenchmarkTest00906,xss,false,79
BenchmarkTest00907,xss,false,79
BenchmarkTest00908,xss,false,79
BenchmarkTest00909,xss,false,79
BenchmarkTest00910,xss,false,79
BenchmarkTest00911,xss,false,79
BenchmarkTest00912,xss,false,79
BenchmarkTest00913,xss,false,79
BenchmarkTest00914,cmdi,false,78
BenchmarkTest00915,cmdi,false,78
BenchmarkTest00916,cmdi,false,78
BenchmarkTest00917,weakrand,true,330
BenchmarkTest00918,weakrand,true,330
BenchmarkTest00919,weakrand,true,330
BenchmarkTest00920,weakrand,true,330
BenchmarkTest00921,weakrand,true,330
BenchmarkTest00922,cmdi,false,78
BenchmarkTest00923,cmdi,false,78
BenchmarkTest00924,cmdi,false,78
BenchmarkTest00925,cmdi,false,78
BenchmarkTest00926,cmdi,false,78
BenchmarkTest00927,cmdi,false,78
BenchmarkTest00928,cmdi,false,78
BenchmarkTest00929,cmdi,false,78
BenchmarkTest00930,weakrand,false,330
BenchmarkTest00931,weakrand,false,330
BenchmarkTest00932,weakrand,false,330
BenchmarkTest00933,weakrand,false,330
BenchmarkTest00934,weakrand,false,330
BenchmarkTest00935,weakrand,false,330
BenchmarkTest00936,weakrand,false,330
BenchmarkTest00937,weakrand,false,330
BenchmarkTest00938,weakrand,false,330
BenchmarkTest00939,trustbound,false,501
BenchmarkTest00940,trustbound,false,501
BenchmarkTest00941,trustbound,false,501
BenchmarkTest00942,sqli,false,89
BenchmarkTest00943,sqli,false,89
BenchmarkTest00944,sqli,false,89
BenchmarkTest00945,sqli,false,89
BenchmarkTest00946,sqli,false,89
BenchmarkTest00947,sqli,false,89
BenchmarkTest00948,sqli,false,89
BenchmarkTest00949,sqli,false,89
BenchmarkTest00950,sqli,false,89
BenchmarkTest00951,sqli,false,89
BenchmarkTest00952,sqli,false,89
BenchmarkTest00953,sqli,false,89
BenchmarkTest00954,sqli,false,89
BenchmarkTest00955,sqli,false,89
BenchmarkTest00956,sqli,false,89
BenchmarkTest00957,sqli,false,89
BenchmarkTest00958,sqli,false,89
BenchmarkTest00959,xpathi,false,643
BenchmarkTest00960,crypto,true,327
BenchmarkTest00961,crypto,false,327
BenchmarkTest00962,crypto,false,327
BenchmarkTest00963,crypto,true,327
BenchmarkTest00964,crypto,false,327
BenchmarkTest00965,crypto,false,327
BenchmarkTest00966,crypto,false,327
BenchmarkTest00967,crypto,false,327
BenchmarkTest00968,pathtraver,true,22
BenchmarkTest00969,pathtraver,false,22
BenchmarkTest00970,pathtraver,false,22
BenchmarkTest00971,pathtraver,false,22
BenchmarkTest00972,pathtraver,true,22
BenchmarkTest00973,pathtraver,false,22
BenchmarkTest00974,pathtraver,true,22
BenchmarkTest00975,pathtraver,false,22
BenchmarkTest00976,pathtraver,false,22
BenchmarkTest00977,ldapi,true,90
BenchmarkTest00978,hash,true,328
BenchmarkTest00979,hash,false,328
BenchmarkTest00980,hash,false,328
BenchmarkTest00981,hash,true,328
BenchmarkTest00982,hash,false,328
BenchmarkTest00983,hash,true,328
BenchmarkTest00984,xss,false,79
BenchmarkTest00985,xss,false,79
BenchmarkTest00986,xss,false,79
BenchmarkTest00987,xss,false,79
BenchmarkTest00988,xss,false,79
BenchmarkTest00989,xss,false,79
BenchmarkTest00990,xss,false,79
BenchmarkTest00991,xss,false,79
BenchmarkTest00992,xss,false,79
BenchmarkTest00993,xss,false,79
BenchmarkTest00994,xss,false,79
BenchmarkTest00995,xss,false,79
BenchmarkTest00996,xss,false,79
BenchmarkTest00997,xss,false,79
BenchmarkTest00998,xss,false,79
BenchmarkTest00999,xss,false,79
BenchmarkTest01000,xss,false,79
BenchmarkTest01001,xss,false,79
BenchmarkTest01002,xss,false,79
BenchmarkTest01003,cmdi,true,78
BenchmarkTest01004,cmdi,true,78
BenchmarkTest01005,cmdi,true,78
BenchmarkTest01006,weakrand,true,330
BenchmarkTest01007,weakrand,true,330
BenchmarkTest01008,weakrand,true,330
BenchmarkTest01009,weakrand,true,330
BenchmarkTest01010,weakrand,true,330
BenchmarkTest01011,weakrand,true,330
BenchmarkTest01012,weakrand,true,330
BenchmarkTest01013,cmdi,true,78
BenchmarkTest01014,cmdi,true,78
BenchmarkTest01015,cmdi,false,78
BenchmarkTest01016,cmdi,true,78
BenchmarkTest01017,cmdi,false,78
BenchmarkTest01018,weakrand,false,330
BenchmarkTest01019,weakrand,false,330
BenchmarkTest01020,weakrand,false,330
BenchmarkTest01021,weakrand,false,330
BenchmarkTest01022,weakrand,false,330
BenchmarkTest01023,weakrand,false,330
BenchmarkTest01024,weakrand,false,330
BenchmarkTest01025,weakrand,false,330
BenchmarkTest01026,weakrand,false,330
BenchmarkTest01027,weakrand,false,330
BenchmarkTest01028,weakrand,false,330
BenchmarkTest01029,weakrand,false,330
BenchmarkTest01030,weakrand,false,330
BenchmarkTest01031,weakrand,false,330
BenchmarkTest01032,weakrand,false,330
BenchmarkTest01033,trustbound,true,501
BenchmarkTest01034,trustbound,false,501
BenchmarkTest01035,trustbound,true,501
BenchmarkTest01036,trustbound,true,501
BenchmarkTest01037,sqli,true,89
BenchmarkTest01038,sqli,false,89
BenchmarkTest01039,sqli,false,89
BenchmarkTest01040,sqli,true,89
BenchmarkTest01041,sqli,false,89
BenchmarkTest01042,sqli,false,89
BenchmarkTest01043,sqli,true,89
BenchmarkTest01044,sqli,true,89
BenchmarkTest01045,sqli,true,89
BenchmarkTest01046,sqli,true,89
BenchmarkTest01047,sqli,false,89
BenchmarkTest01048,sqli,true,89
BenchmarkTest01049,sqli,false,89
BenchmarkTest01050,sqli,false,89
BenchmarkTest01051,xpathi,false,643
BenchmarkTest01052,xpathi,true,643
BenchmarkTest01053,crypto,true,327
BenchmarkTest01054,crypto,true,327
BenchmarkTest01055,crypto,true,327
BenchmarkTest01056,crypto,true,327
BenchmarkTest01057,crypto,false,327
BenchmarkTest01058,pathtraver,false,22
BenchmarkTest01059,pathtraver,true,22
BenchmarkTest01060,pathtraver,true,22
BenchmarkTest01061,pathtraver,false,22
BenchmarkTest01062,ldapi,true,90
BenchmarkTest01063,ldapi,true,90
BenchmarkTest01064,weakrand,true,330
BenchmarkTest01065,hash,true,328
BenchmarkTest01066,hash,false,328
BenchmarkTest01067,hash,true,328
BenchmarkTest01068,hash,false,328
BenchmarkTest01069,hash,true,328
BenchmarkTest01070,hash,false,328
BenchmarkTest01071,hash,false,328
BenchmarkTest01072,xss,false,79
BenchmarkTest01073,xss,true,79
BenchmarkTest01074,xss,false,79
BenchmarkTest01075,xss,false,79
BenchmarkTest01076,xss,true,79
BenchmarkTest01077,xss,true,79
BenchmarkTest01078,xss,true,79
BenchmarkTest01079,xss,false,79
BenchmarkTest01080,xss,false,79
BenchmarkTest01081,xss,true,79
BenchmarkTest01082,xss,false,79
BenchmarkTest01083,xss,true,79
BenchmarkTest01084,cmdi,true,78
BenchmarkTest01085,cmdi,false,78
BenchmarkTest01086,cmdi,true,78
BenchmarkTest01087,weakrand,true,330
BenchmarkTest01088,weakrand,true,330
BenchmarkTest01089,weakrand,true,330
BenchmarkTest01090,weakrand,true,330
BenchmarkTest01091,weakrand,true,330
BenchmarkTest01092,weakrand,true,330
BenchmarkTest01093,weakrand,true,330
BenchmarkTest01094,securecookie,true,614
BenchmarkTest01095,securecookie,true,614
BenchmarkTest01096,securecookie,false,614
BenchmarkTest01097,securecookie,false,614
BenchmarkTest01098,xss,true,79
BenchmarkTest01099,cmdi,true,78
BenchmarkTest01100,cmdi,true,78
BenchmarkTest01101,cmdi,false,78
BenchmarkTest01102,weakrand,false,330
BenchmarkTest01103,weakrand,false,330
BenchmarkTest01104,weakrand,false,330
BenchmarkTest01105,weakrand,false,330
BenchmarkTest01106,weakrand,false,330
BenchmarkTest01107,weakrand,false,330
BenchmarkTest01108,weakrand,false,330
BenchmarkTest01109,weakrand,false,330
BenchmarkTest01110,weakrand,false,330
BenchmarkTest01111,weakrand,false,330
BenchmarkTest01112,weakrand,false,330
BenchmarkTest01113,weakrand,false,330
BenchmarkTest01114,weakrand,false,330
BenchmarkTest01115,weakrand,false,330
BenchmarkTest01116,weakrand,false,330
BenchmarkTest01117,weakrand,false,330
BenchmarkTest01118,trustbound,false,501
BenchmarkTest01119,trustbound,true,501
BenchmarkTest01120,sqli,true,89
BenchmarkTest01121,sqli,false,89
BenchmarkTest01122,sqli,true,89
BenchmarkTest01123,sqli,true,89
BenchmarkTest01124,sqli,true,89
BenchmarkTest01125,sqli,false,89
BenchmarkTest01126,sqli,true,89
BenchmarkTest01127,sqli,false,89
BenchmarkTest01128,sqli,false,89
BenchmarkTest01129,sqli,true,89
BenchmarkTest01130,sqli,false,89
BenchmarkTest01131,sqli,false,89
BenchmarkTest01132,sqli,true,89
BenchmarkTest01133,sqli,true,89
BenchmarkTest01134,sqli,true,89
BenchmarkTest01135,sqli,false,89
BenchmarkTest01136,crypto,true,327
BenchmarkTest01137,crypto,false,327
BenchmarkTest01138,crypto,true,327
BenchmarkTest01139,crypto,false,327
BenchmarkTest01140,crypto,true,327
BenchmarkTest01141,crypto,true,327
BenchmarkTest01142,pathtraver,false,22
BenchmarkTest01143,pathtraver,true,22
BenchmarkTest01144,pathtraver,false,22
BenchmarkTest01145,pathtraver,true,22
BenchmarkTest01146,pathtraver,false,22
BenchmarkTest01147,pathtraver,false,22
BenchmarkTest01148,pathtraver,false,22
BenchmarkTest01149,pathtraver,false,22
BenchmarkTest01150,pathtraver,true,22
BenchmarkTest01151,pathtraver,false,22
BenchmarkTest01152,weakrand,true,330
BenchmarkTest01153,hash,true,328
BenchmarkTest01154,hash,false,328
BenchmarkTest01155,hash,false,328
BenchmarkTest01156,hash,false,328
BenchmarkTest01157,hash,false,328
BenchmarkTest01158,hash,false,328
BenchmarkTest01159,hash,false,328
BenchmarkTest01160,hash,false,328
BenchmarkTest01161,weakrand,true,330
BenchmarkTest01162,weakrand,true,330
BenchmarkTest01163,weakrand,true,330
BenchmarkTest01164,weakrand,true,330
BenchmarkTest01165,securecookie,false,614
BenchmarkTest01166,securecookie,false,614
BenchmarkTest01167,weakrand,false,330
BenchmarkTest01168,weakrand,false,330
BenchmarkTest01169,weakrand,false,330
BenchmarkTest01170,weakrand,false,330
BenchmarkTest01171,weakrand,false,330
BenchmarkTest01172,weakrand,false,330
BenchmarkTest01173,weakrand,false,330
BenchmarkTest01174,trustbound,false,501
BenchmarkTest01175,trustbound,true,501
BenchmarkTest01176,trustbound,false,501
BenchmarkTest01177,trustbound,false,501
BenchmarkTest01178,crypto,false,327
BenchmarkTest01179,crypto,true,327
BenchmarkTest01180,crypto,true,327
BenchmarkTest01181,crypto,false,327
BenchmarkTest01182,ldapi,false,90
BenchmarkTest01183,pathtraver,true,22
BenchmarkTest01184,pathtraver,false,22
BenchmarkTest01185,pathtraver,true,22
BenchmarkTest01186,pathtraver,true,22
BenchmarkTest01187,pathtraver,false,22
BenchmarkTest01188,ldapi,false,90
BenchmarkTest01189,hash,true,328
BenchmarkTest01190,hash,false,328
BenchmarkTest01191,hash,false,328
BenchmarkTest01192,hash,true,328
BenchmarkTest01193,hash,true,328
BenchmarkTest01194,hash,true,328
BenchmarkTest01195,xss,true,79
BenchmarkTest01196,xss,true,79
BenchmarkTest01197,xss,true,79
BenchmarkTest01198,xss,true,79
BenchmarkTest01199,xss,false,79
BenchmarkTest01200,xss,false,79
BenchmarkTest01201,xss,true,79
BenchmarkTest01202,xss,true,79
BenchmarkTest01203,xss,true,79
BenchmarkTest01204,xss,true,79
BenchmarkTest01205,xss,true,79
BenchmarkTest01206,xss,false,79
BenchmarkTest01207,xss,false,79
BenchmarkTest01208,xss,false,79
BenchmarkTest01209,xss,true,79
BenchmarkTest01210,xss,false,79
BenchmarkTest01211,xss,true,79
BenchmarkTest01212,xss,false,79
BenchmarkTest01213,cmdi,false,78
BenchmarkTest01214,cmdi,true,78
BenchmarkTest01215,weakrand,true,330
BenchmarkTest01216,weakrand,true,330
BenchmarkTest01217,weakrand,true,330
BenchmarkTest01218,weakrand,true,330
BenchmarkTest01219,securecookie,false,614
BenchmarkTest01220,securecookie,false,614
BenchmarkTest01221,xss,false,79
BenchmarkTest01222,xss,true,79
BenchmarkTest01223,cmdi,false,78
BenchmarkTest01224,cmdi,false,78
BenchmarkTest01225,cmdi,true,78
BenchmarkTest01226,cmdi,true,78
BenchmarkTest01227,cmdi,true,78
BenchmarkTest01228,cmdi,true,78
BenchmarkTest01229,weakrand,false,330
BenchmarkTest01230,weakrand,false,330
BenchmarkTest01231,weakrand,false,330
BenchmarkTest01232,weakrand,false,330
BenchmarkTest01233,weakrand,false,330
BenchmarkTest01234,weakrand,false,330
BenchmarkTest01235,weakrand,false,330
BenchmarkTest01236,weakrand,false,330
BenchmarkTest01237,weakrand,false,330
BenchmarkTest01238,weakrand,false,330
BenchmarkTest01239,trustbound,true,501
BenchmarkTest01240,trustbound,true,501
BenchmarkTest01241,trustbound,true,501
BenchmarkTest01242,trustbound,true,501
BenchmarkTest01243,trustbound,false,501
BenchmarkTest01244,sqli,true,89
BenchmarkTest01245,sqli,true,89
BenchmarkTest01246,sqli,false,89
BenchmarkTest01247,sqli,false,89
BenchmarkTest01248,sqli,false,89
BenchmarkTest01249,sqli,true,89
BenchmarkTest01250,sqli,false,89
BenchmarkTest01251,sqli,true,89
BenchmarkTest01252,sqli,false,89
BenchmarkTest01253,sqli,false,89
BenchmarkTest01254,sqli,true,89
BenchmarkTest01255,sqli,true,89
BenchmarkTest01256,sqli,true,89
BenchmarkTest01257,sqli,true,89
BenchmarkTest01258,sqli,false,89
BenchmarkTest01259,xpathi,true,643
BenchmarkTest01260,xpathi,false,643
BenchmarkTest01261,crypto,true,327
BenchmarkTest01262,crypto,false,327
BenchmarkTest01263,crypto,false,327
BenchmarkTest01264,crypto,false,327
BenchmarkTest01265,crypto,false,327
BenchmarkTest01266,crypto,false,327
BenchmarkTest01267,crypto,false,327
BenchmarkTest01268,crypto,true,327
BenchmarkTest01269,ldapi,true,90
BenchmarkTest01270,pathtraver,false,22
BenchmarkTest01271,pathtraver,true,22
BenchmarkTest01272,pathtraver,true,22
BenchmarkTest01273,pathtraver,true,22
BenchmarkTest01274,pathtraver,false,22
BenchmarkTest01275,pathtraver,false,22
BenchmarkTest01276,pathtraver,false,22
BenchmarkTest01277,pathtraver,true,22
BenchmarkTest01278,pathtraver,true,22
BenchmarkTest01279,pathtraver,false,22
BenchmarkTest01280,pathtraver,true,22
BenchmarkTest01281,pathtraver,true,22
BenchmarkTest01282,pathtraver,false,22
BenchmarkTest01283,pathtraver,false,22
BenchmarkTest01284,ldapi,false,90
BenchmarkTest01285,weakrand,true,330
BenchmarkTest01286,hash,true,328
BenchmarkTest01287,hash,false,328
BenchmarkTest01288,hash,false,328
BenchmarkTest01289,hash,false,328
BenchmarkTest01290,hash,true,328
BenchmarkTest01291,hash,true,328
BenchmarkTest01292,hash,false,328
BenchmarkTest01293,xss,true,79
BenchmarkTest01294,xss,false,79
BenchmarkTest01295,xss,false,79
BenchmarkTest01296,xss,true,79
BenchmarkTest01297,xss,true,79
BenchmarkTest01298,xss,true,79
BenchmarkTest01299,xss,false,79
BenchmarkTest01300,xss,false,79
BenchmarkTest01301,xss,true,79
BenchmarkTest01302,xss,false,79
BenchmarkTest01303,xss,false,79
BenchmarkTest01304,xss,false,79
BenchmarkTest01305,xss,false,79
BenchmarkTest01306,cmdi,true,78
BenchmarkTest01307,cmdi,false,78
BenchmarkTest01308,weakrand,true,330
BenchmarkTest01309,weakrand,true,330
BenchmarkTest01310,weakrand,true,330
BenchmarkTest01311,weakrand,true,330
BenchmarkTest01312,securecookie,true,614
BenchmarkTest01313,securecookie,false,614
BenchmarkTest01314,securecookie,false,614
BenchmarkTest01315,xss,false,79
BenchmarkTest01316,cmdi,true,78
BenchmarkTest01317,cmdi,false,78
BenchmarkTest01318,cmdi,true,78
BenchmarkTest01319,cmdi,false,78
BenchmarkTest01320,cmdi,false,78
BenchmarkTest01321,cmdi,true,78
BenchmarkTest01322,cmdi,true,78
BenchmarkTest01323,weakrand,false,330
BenchmarkTest01324,weakrand,false,330
BenchmarkTest01325,weakrand,false,330
BenchmarkTest01326,weakrand,false,330
BenchmarkTest01327,weakrand,false,330
BenchmarkTest01328,weakrand,false,330
BenchmarkTest01329,weakrand,false,330
BenchmarkTest01330,trustbound,false,501
BenchmarkTest01331,trustbound,true,501
BenchmarkTest01332,sqli,true,89
BenchmarkTest01333,sqli,false,89
BenchmarkTest01334,sqli,true,89
BenchmarkTest01335,sqli,true,89
BenchmarkTest01336,sqli,true,89
BenchmarkTest01337,sqli,false,89
BenchmarkTest01338,sqli,false,89
BenchmarkTest01339,sqli,true,89
BenchmarkTest01340,sqli,false,89
BenchmarkTest01341,sqli,false,89
BenchmarkTest01342,sqli,false,89
BenchmarkTest01343,sqli,false,89
BenchmarkTest01344,sqli,false,89
BenchmarkTest01345,crypto,true,327
BenchmarkTest01346,crypto,true,327
BenchmarkTest01347,crypto,true,327
BenchmarkTest01348,crypto,false,327
BenchmarkTest01349,crypto,false,327
BenchmarkTest01350,crypto,true,327
BenchmarkTest01351,crypto,false,327
BenchmarkTest01352,crypto,true,327
BenchmarkTest01353,ldapi,true,90
BenchmarkTest01354,pathtraver,false,22
BenchmarkTest01355,pathtraver,false,22
BenchmarkTest01356,pathtraver,true,22
BenchmarkTest01357,pathtraver,true,22
BenchmarkTest01358,pathtraver,false,22
BenchmarkTest01359,ldapi,true,90
BenchmarkTest01360,hash,true,328
BenchmarkTest01361,hash,false,328
BenchmarkTest01362,hash,true,328
BenchmarkTest01363,hash,true,328
BenchmarkTest01364,hash,true,328
BenchmarkTest01365,hash,false,328
BenchmarkTest01366,hash,true,328
BenchmarkTest01367,hash,true,328
BenchmarkTest01368,hash,true,328
BenchmarkTest01369,hash,false,328
BenchmarkTest01370,xss,true,79
BenchmarkTest01371,xss,true,79
BenchmarkTest01372,xss,true,79
BenchmarkTest01373,xss,false,79
BenchmarkTest01374,xss,false,79
BenchmarkTest01375,xss,true,79
BenchmarkTest01376,xss,true,79
BenchmarkTest01377,xss,false,79
BenchmarkTest01378,xss,true,79
BenchmarkTest01379,xss,true,79
BenchmarkTest01380,xss,false,79
BenchmarkTest01381,xss,false,79
BenchmarkTest01382,xss,false,79
BenchmarkTest01383,xss,false,79
BenchmarkTest01384,xss,true,79
BenchmarkTest01385,cmdi,true,78
BenchmarkTest01386,weakrand,true,330
BenchmarkTest01387,weakrand,true,330
BenchmarkTest01388,weakrand,true,330
BenchmarkTest01389,weakrand,true,330
BenchmarkTest01390,weakrand,true,330
BenchmarkTest01391,securecookie,true,614
BenchmarkTest01392,securecookie,false,614
BenchmarkTest01393,cmdi,true,78
BenchmarkTest01394,cmdi,false,78
BenchmarkTest01395,cmdi,false,78
BenchmarkTest01396,cmdi,true,78
BenchmarkTest01397,cmdi,true,78
BenchmarkTest01398,cmdi,false,78
BenchmarkTest01399,cmdi,true,78
BenchmarkTest01400,weakrand,false,330
BenchmarkTest01401,weakrand,false,330
BenchmarkTest01402,weakrand,false,330
BenchmarkTest01403,weakrand,false,330
BenchmarkTest01404,weakrand,false,330
BenchmarkTest01405,weakrand,false,330
BenchmarkTest01406,weakrand,false,330
BenchmarkTest01407,trustbound,false,501
BenchmarkTest01408,trustbound,false,501
BenchmarkTest01409,trustbound,true,501
BenchmarkTest01410,sqli,true,89
BenchmarkTest01411,sqli,true,89
BenchmarkTest01412,sqli,false,89
BenchmarkTest01413,sqli,true,89
BenchmarkTest01414,sqli,true,89
BenchmarkTest01415,sqli,false,89
BenchmarkTest01416,sqli,true,89
BenchmarkTest01417,sqli,false,89
BenchmarkTest01418,sqli,true,89
BenchmarkTest01419,sqli,false,89
BenchmarkTest01420,sqli,true,89
BenchmarkTest01421,sqli,true,89
BenchmarkTest01422,sqli,true,89
BenchmarkTest01423,sqli,true,89
BenchmarkTest01424,xpathi,true,643
BenchmarkTest01425,crypto,true,327
BenchmarkTest01426,crypto,true,327
BenchmarkTest01427,crypto,true,327
BenchmarkTest01428,crypto,false,327
BenchmarkTest01429,crypto,true,327
BenchmarkTest01430,pathtraver,false,22
BenchmarkTest01431,pathtraver,true,22
BenchmarkTest01432,pathtraver,true,22
BenchmarkTest01433,pathtraver,true,22
BenchmarkTest01434,pathtraver,true,22
BenchmarkTest01435,pathtraver,true,22
BenchmarkTest01436,ldapi,true,90
BenchmarkTest01437,ldapi,false,90
BenchmarkTest01438,ldapi,true,90
BenchmarkTest01439,weakrand,true,330
BenchmarkTest01440,hash,true,328
BenchmarkTest01441,hash,true,328
BenchmarkTest01442,hash,true,328
BenchmarkTest01443,hash,false,328
BenchmarkTest01444,hash,true,328
BenchmarkTest01445,hash,true,328
BenchmarkTest01446,hash,true,328
BenchmarkTest01447,hash,false,328
BenchmarkTest01448,xss,true,79
BenchmarkTest01449,xss,false,79
BenchmarkTest01450,xss,false,79
BenchmarkTest01451,xss,true,79
BenchmarkTest01452,xss,false,79
BenchmarkTest01453,xss,true,79
BenchmarkTest01454,xss,false,79
BenchmarkTest01455,xss,false,79
BenchmarkTest01456,xss,true,79
BenchmarkTest01457,xss,true,79
BenchmarkTest01458,xss,true,79
BenchmarkTest01459,xss,true,79
BenchmarkTest01460,xss,true,79
BenchmarkTest01461,xss,true,79
BenchmarkTest01462,xss,false,79
BenchmarkTest01463,xss,false,79
BenchmarkTest01464,xss,false,79
BenchmarkTest01465,cmdi,true,78
BenchmarkTest01466,cmdi,true,78
BenchmarkTest01467,weakrand,true,330
BenchmarkTest01468,weakrand,true,330
BenchmarkTest01469,weakrand,true,330
BenchmarkTest01470,weakrand,true,330
BenchmarkTest01471,weakrand,true,330
BenchmarkTest01472,weakrand,true,330
BenchmarkTest01473,weakrand,true,330
BenchmarkTest01474,xss,false,79
BenchmarkTest01475,xss,true,79
BenchmarkTest01476,cmdi,true,78
BenchmarkTest01477,cmdi,false,78
BenchmarkTest01478,cmdi,false,78
BenchmarkTest01479,cmdi,true,78
BenchmarkTest01480,cmdi,true,78
BenchmarkTest01481,cmdi,false,78
BenchmarkTest01482,cmdi,false,78
BenchmarkTest01483,cmdi,true,78
BenchmarkTest01484,cmdi,false,78
BenchmarkTest01485,cmdi,false,78
BenchmarkTest01486,weakrand,false,330
BenchmarkTest01487,weakrand,false,330
BenchmarkTest01488,weakrand,false,330
BenchmarkTest01489,weakrand,false,330
BenchmarkTest01490,weakrand,false,330
BenchmarkTest01491,weakrand,false,330
BenchmarkTest01492,weakrand,false,330
BenchmarkTest01493,weakrand,false,330
BenchmarkTest01494,weakrand,false,330
BenchmarkTest01495,weakrand,false,330
BenchmarkTest01496,weakrand,false,330
BenchmarkTest01497,weakrand,false,330
BenchmarkTest01498,trustbound,true,501
BenchmarkTest01499,trustbound,false,501
BenchmarkTest01500,trustbound,false,501
BenchmarkTest01501,trustbound,true,501
BenchmarkTest01502,sqli,true,89
BenchmarkTest01503,sqli,false,89
BenchmarkTest01504,sqli,false,89
BenchmarkTest01505,sqli,true,89
BenchmarkTest01506,sqli,true,89
BenchmarkTest01507,sqli,false,89
BenchmarkTest01508,sqli,false,89
BenchmarkTest01509,sqli,true,89
BenchmarkTest01510,xpathi,true,643
BenchmarkTest01511,xpathi,true,643
BenchmarkTest01512,crypto,true,327
BenchmarkTest01513,crypto,true,327
BenchmarkTest01514,crypto,true,327
BenchmarkTest01515,crypto,true,327
BenchmarkTest01516,ldapi,true,90
BenchmarkTest01517,pathtraver,true,22
BenchmarkTest01518,pathtraver,true,22
BenchmarkTest01519,pathtraver,false,22
BenchmarkTest01520,pathtraver,false,22
BenchmarkTest01521,pathtraver,true,22
BenchmarkTest01522,ldapi,true,90
BenchmarkTest01523,ldapi,true,90
BenchmarkTest01524,ldapi,false,90
BenchmarkTest01525,weakrand,true,330
BenchmarkTest01526,hash,true,328
BenchmarkTest01527,hash,true,328
BenchmarkTest01528,hash,true,328
BenchmarkTest01529,hash,true,328
BenchmarkTest01530,hash,false,328
BenchmarkTest01531,hash,false,328
BenchmarkTest01532,hash,false,328
BenchmarkTest01533,hash,false,328
BenchmarkTest01534,hash,true,328
BenchmarkTest01535,xss,false,79
BenchmarkTest01536,xss,false,79
BenchmarkTest01537,xss,false,79
BenchmarkTest01538,xss,false,79
BenchmarkTest01539,xss,true,79
BenchmarkTest01540,xss,true,79
BenchmarkTest01541,xss,false,79
BenchmarkTest01542,xss,true,79
BenchmarkTest01543,xss,true,79
BenchmarkTest01544,xss,false,79
BenchmarkTest01545,xss,false,79
BenchmarkTest01546,xss,true,79
BenchmarkTest01547,xss,false,79
BenchmarkTest01548,xss,true,79
BenchmarkTest01549,xss,true,79
BenchmarkTest01550,xss,true,79
BenchmarkTest01551,xss,true,79
BenchmarkTest01552,xss,true,79
BenchmarkTest01553,cmdi,false,78
BenchmarkTest01554,weakrand,true,330
BenchmarkTest01555,weakrand,true,330
BenchmarkTest01556,weakrand,true,330
BenchmarkTest01557,weakrand,true,330
BenchmarkTest01558,weakrand,true,330
BenchmarkTest01559,weakrand,true,330
BenchmarkTest01560,xss,true,79
BenchmarkTest01561,cmdi,false,78
BenchmarkTest01562,cmdi,true,78
BenchmarkTest01563,cmdi,false,78
BenchmarkTest01564,cmdi,true,78
BenchmarkTest01565,weakrand,false,330
BenchmarkTest01566,weakrand,false,330
BenchmarkTest01567,weakrand,false,330
BenchmarkTest01568,weakrand,false,330
BenchmarkTest01569,weakrand,false,330
BenchmarkTest01570,weakrand,false,330
BenchmarkTest01571,weakrand,false,330
BenchmarkTest01572,weakrand,false,330
BenchmarkTest01573,weakrand,false,330
BenchmarkTest01574,trustbound,false,501
BenchmarkTest01575,sqli,true,89
BenchmarkTest01576,sqli,true,89
BenchmarkTest01577,sqli,false,89
BenchmarkTest01578,sqli,true,89
BenchmarkTest01579,sqli,false,89
BenchmarkTest01580,sqli,true,89
BenchmarkTest01581,sqli,false,89
BenchmarkTest01582,sqli,false,89
BenchmarkTest01583,sqli,false,89
BenchmarkTest01584,sqli,false,89
BenchmarkTest01585,sqli,false,89
BenchmarkTest01586,sqli,false,89
BenchmarkTest01587,sqli,false,89
BenchmarkTest01588,sqli,true,89
BenchmarkTest01589,xpathi,true,643
BenchmarkTest01590,xpathi,false,643
BenchmarkTest01591,crypto,true,327
BenchmarkTest01592,crypto,false,327
BenchmarkTest01593,crypto,false,327
BenchmarkTest01594,crypto,false,327
BenchmarkTest01595,crypto,true,327
BenchmarkTest01596,crypto,false,327
BenchmarkTest01597,crypto,false,327
BenchmarkTest01598,crypto,false,327
BenchmarkTest01599,crypto,true,327
BenchmarkTest01600,crypto,false,327
BenchmarkTest01601,ldapi,true,90
BenchmarkTest01602,pathtraver,true,22
BenchmarkTest01603,pathtraver,false,22
BenchmarkTest01604,ldapi,true,90
BenchmarkTest01605,ldapi,false,90
BenchmarkTest01606,hash,true,328
BenchmarkTest01607,hash,true,328
BenchmarkTest01608,hash,false,328
BenchmarkTest01609,hash,true,328
BenchmarkTest01610,hash,true,328
BenchmarkTest01611,xss,false,79
BenchmarkTest01612,xss,true,79
BenchmarkTest01613,xss,true,79
BenchmarkTest01614,xss,true,79
BenchmarkTest01615,xss,false,79
BenchmarkTest01616,xss,true,79
BenchmarkTest01617,xss,false,79
BenchmarkTest01618,xss,false,79
BenchmarkTest01619,xss,true,79
BenchmarkTest01620,xss,false,79
BenchmarkTest01621,xss,false,79
BenchmarkTest01622,xss,true,79
BenchmarkTest01623,xss,false,79
BenchmarkTest01624,cmdi,true,78
BenchmarkTest01625,weakrand,true,330
BenchmarkTest01626,weakrand,true,330
BenchmarkTest01627,securecookie,true,614
BenchmarkTest01628,securecookie,true,614
BenchmarkTest01629,xss,false,79
BenchmarkTest01630,xss,false,79
BenchmarkTest01631,cmdi,true,78
BenchmarkTest01632,cmdi,true,78
BenchmarkTest01633,cmdi,true,78
BenchmarkTest01634,cmdi,true,78
BenchmarkTest01635,cmdi,false,78
BenchmarkTest01636,cmdi,true,78
BenchmarkTest01637,cmdi,true,78
BenchmarkTest01638,weakrand,false,330
BenchmarkTest01639,weakrand,false,330
BenchmarkTest01640,weakrand,false,330
BenchmarkTest01641,weakrand,false,330
BenchmarkTest01642,weakrand,false,330
BenchmarkTest01643,weakrand,false,330
BenchmarkTest01644,weakrand,false,330
BenchmarkTest01645,weakrand,false,330
BenchmarkTest01646,trustbound,true,501
BenchmarkTest01647,trustbound,true,501
BenchmarkTest01648,sqli,false,89
BenchmarkTest01649,sqli,true,89
BenchmarkTest01650,sqli,true,89
BenchmarkTest01651,sqli,false,89
BenchmarkTest01652,sqli,false,89
BenchmarkTest01653,sqli,true,89
BenchmarkTest01654,sqli,true,89
BenchmarkTest01655,sqli,false,89
BenchmarkTest01656,sqli,false,89
BenchmarkTest01657,sqli,false,89
BenchmarkTest01658,sqli,true,89
BenchmarkTest01659,sqli,false,89
BenchmarkTest01660,sqli,false,89
BenchmarkTest01661,sqli,false,89
BenchmarkTest01662,sqli,true,89
BenchmarkTest01663,crypto,true,327
BenchmarkTest01664,crypto,true,327
BenchmarkTest01665,crypto,false,327
BenchmarkTest01666,crypto,false,327
BenchmarkTest01667,crypto,false,327
BenchmarkTest01668,crypto,true,327
BenchmarkTest01669,crypto,true,327
BenchmarkTest01670,crypto,false,327
BenchmarkTest01671,crypto,false,327
BenchmarkTest01672,ldapi,true,90
BenchmarkTest01673,ldapi,false,90
BenchmarkTest01674,pathtraver,false,22
BenchmarkTest01675,pathtraver,true,22
BenchmarkTest01676,pathtraver,true,22
BenchmarkTest01677,pathtraver,false,22
BenchmarkTest01678,pathtraver,true,22
BenchmarkTest01679,pathtraver,false,22
BenchmarkTest01680,pathtraver,true,22
BenchmarkTest01681,pathtraver,true,22
BenchmarkTest01682,pathtraver,false,22
BenchmarkTest01683,pathtraver,true,22
BenchmarkTest01684,ldapi,true,90
BenchmarkTest01685,hash,false,328
BenchmarkTest01686,hash,true,328
BenchmarkTest01687,hash,true,328
BenchmarkTest01688,hash,false,328
BenchmarkTest01689,hash,true,328
BenchmarkTest01690,hash,true,328
BenchmarkTest01691,hash,true,328
BenchmarkTest01692,hash,false,328
BenchmarkTest01693,hash,false,328
BenchmarkTest01694,hash,true,328
BenchmarkTest01695,hash,false,328
BenchmarkTest01696,xss,true,79
BenchmarkTest01697,xss,true,79
BenchmarkTest01698,xss,false,79
BenchmarkTest01699,xss,true,79
BenchmarkTest01700,xss,true,79
BenchmarkTest01701,xss,false,79
BenchmarkTest01702,xss,false,79
BenchmarkTest01703,xss,false,79
BenchmarkTest01704,xss,true,79
BenchmarkTest01705,xss,true,79
BenchmarkTest01706,xss,true,79
BenchmarkTest01707,xss,true,79
BenchmarkTest01708,xss,false,79
BenchmarkTest01709,xss,true,79
BenchmarkTest01710,xss,true,79
BenchmarkTest01711,xss,true,79
BenchmarkTest01712,xss,true,79
BenchmarkTest01713,xss,false,79
BenchmarkTest01714,xss,false,79
BenchmarkTest01715,xss,false,79
BenchmarkTest01716,xss,false,79
BenchmarkTest01717,xss,false,79
BenchmarkTest01718,xss,false,79
BenchmarkTest01719,cmdi,false,78
BenchmarkTest01720,cmdi,false,78
BenchmarkTest01721,cmdi,false,78
BenchmarkTest01722,cmdi,false,78
BenchmarkTest01723,weakrand,true,330
BenchmarkTest01724,weakrand,true,330
BenchmarkTest01725,weakrand,true,330
BenchmarkTest01726,weakrand,true,330
BenchmarkTest01727,weakrand,true,330
BenchmarkTest01728,weakrand,true,330
BenchmarkTest01729,weakrand,true,330
BenchmarkTest01730,weakrand,true,330
BenchmarkTest01731,securecookie,true,614
BenchmarkTest01732,securecookie,false,614
BenchmarkTest01733,cmdi,true,78
BenchmarkTest01734,cmdi,false,78
BenchmarkTest01735,cmdi,true,78
BenchmarkTest01736,cmdi,false,78
BenchmarkTest01737,cmdi,true,78
BenchmarkTest01738,cmdi,true,78
BenchmarkTest01739,cmdi,true,78
BenchmarkTest01740,weakrand,false,330
BenchmarkTest01741,weakrand,false,330
BenchmarkTest01742,weakrand,false,330
BenchmarkTest01743,weakrand,false,330
BenchmarkTest01744,weakrand,false,330
BenchmarkTest01745,weakrand,false,330
BenchmarkTest01746,weakrand,false,330
BenchmarkTest01747,weakrand,false,330
BenchmarkTest01748,weakrand,false,330
BenchmarkTest01749,weakrand,false,330
BenchmarkTest01750,weakrand,false,330
BenchmarkTest01751,weakrand,false,330
BenchmarkTest01752,trustbound,true,501
BenchmarkTest01753,trustbound,true,501
BenchmarkTest01754,trustbound,true,501
BenchmarkTest01755,trustbound,true,501
BenchmarkTest01756,sqli,true,89
BenchmarkTest01757,sqli,true,89
BenchmarkTest01758,sqli,true,89
BenchmarkTest01759,sqli,false,89
BenchmarkTest01760,sqli,true,89
BenchmarkTest01761,sqli,false,89
BenchmarkTest01762,sqli,true,89
BenchmarkTest01763,sqli,false,89
BenchmarkTest01764,sqli,true,89
BenchmarkTest01765,sqli,true,89
BenchmarkTest01766,sqli,false,89
BenchmarkTest01767,sqli,true,89
BenchmarkTest01768,sqli,false,89
BenchmarkTest01769,sqli,false,89
BenchmarkTest01770,crypto,true,327
BenchmarkTest01771,crypto,false,327
BenchmarkTest01772,crypto,true,327
BenchmarkTest01773,crypto,false,327
BenchmarkTest01774,crypto,true,327
BenchmarkTest01775,crypto,true,327
BenchmarkTest01776,crypto,false,327
BenchmarkTest01777,crypto,false,327
BenchmarkTest01778,ldapi,false,90
BenchmarkTest01779,ldapi,false,90
BenchmarkTest01780,pathtraver,false,22
BenchmarkTest01781,pathtraver,false,22
BenchmarkTest01782,pathtraver,false,22
BenchmarkTest01783,pathtraver,false,22
BenchmarkTest01784,pathtraver,false,22
BenchmarkTest01785,pathtraver,false,22
BenchmarkTest01786,pathtraver,false,22
BenchmarkTest01787,pathtraver,false,22
BenchmarkTest01788,pathtraver,false,22
BenchmarkTest01789,pathtraver,false,22
BenchmarkTest01790,weakrand,true,330
BenchmarkTest01791,weakrand,true,330
BenchmarkTest01792,hash,false,328
BenchmarkTest01793,hash,true,328
BenchmarkTest01794,hash,true,328
BenchmarkTest01795,hash,true,328
BenchmarkTest01796,hash,false,328
BenchmarkTest01797,xss,false,79
BenchmarkTest01798,xss,false,79
BenchmarkTest01799,xss,false,79
BenchmarkTest01800,xss,false,79
BenchmarkTest01801,xss,false,79
BenchmarkTest01802,xss,false,79
BenchmarkTest01803,xss,false,79
BenchmarkTest01804,xss,false,79
BenchmarkTest01805,xss,false,79
BenchmarkTest01806,cmdi,false,78
BenchmarkTest01807,cmdi,false,78
BenchmarkTest01808,weakrand,true,330
BenchmarkTest01809,weakrand,true,330
BenchmarkTest01810,weakrand,true,330
BenchmarkTest01811,weakrand,true,330
BenchmarkTest01812,weakrand,true,330
BenchmarkTest01813,weakrand,true,330
BenchmarkTest01814,weakrand,true,330
BenchmarkTest01815,weakrand,true,330
BenchmarkTest01816,weakrand,true,330
BenchmarkTest01817,weakrand,true,330
BenchmarkTest01818,weakrand,true,330
BenchmarkTest01819,securecookie,false,614
BenchmarkTest01820,cmdi,false,78
BenchmarkTest01821,cmdi,false,78
BenchmarkTest01822,cmdi,false,78
BenchmarkTest01823,cmdi,false,78
BenchmarkTest01824,cmdi,false,78
BenchmarkTest01825,cmdi,false,78
BenchmarkTest01826,cmdi,false,78
BenchmarkTest01827,cmdi,false,78
BenchmarkTest01828,cmdi,false,78
BenchmarkTest01829,weakrand,false,330
BenchmarkTest01830,weakrand,false,330
BenchmarkTest01831,weakrand,false,330
BenchmarkTest01832,weakrand,false,330
BenchmarkTest01833,weakrand,false,330
BenchmarkTest01834,weakrand,false,330
BenchmarkTest01835,weakrand,false,330
BenchmarkTest01836,weakrand,false,330
BenchmarkTest01837,weakrand,false,330
BenchmarkTest01838,weakrand,false,330
BenchmarkTest01839,weakrand,false,330
BenchmarkTest01840,weakrand,false,330
BenchmarkTest01841,trustbound,false,501
BenchmarkTest01842,sqli,false,89
BenchmarkTest01843,sqli,false,89
BenchmarkTest01844,sqli,false,89
BenchmarkTest01845,sqli,false,89
BenchmarkTest01846,sqli,false,89
BenchmarkTest01847,sqli,false,89
BenchmarkTest01848,sqli,false,89
BenchmarkTest01849,sqli,false,89
BenchmarkTest01850,sqli,false,89
BenchmarkTest01851,sqli,false,89
BenchmarkTest01852,sqli,false,89
BenchmarkTest01853,sqli,false,89
BenchmarkTest01854,sqli,false,89
BenchmarkTest01855,sqli,false,89
BenchmarkTest01856,sqli,false,89
BenchmarkTest01857,sqli,false,89
BenchmarkTest01858,sqli,false,89
BenchmarkTest01859,xpathi,false,643
BenchmarkTest01860,xpathi,false,643
BenchmarkTest01861,xpathi,false,643
BenchmarkTest01862,crypto,true,327
BenchmarkTest01863,crypto,true,327
BenchmarkTest01864,crypto,false,327
BenchmarkTest01865,crypto,false,327
BenchmarkTest01866,pathtraver,false,22
BenchmarkTest01867,pathtraver,false,22
BenchmarkTest01868,pathtraver,true,22
BenchmarkTest01869,pathtraver,false,22
BenchmarkTest01870,pathtraver,true,22
BenchmarkTest01871,pathtraver,false,22
BenchmarkTest01872,ldapi,true,90
BenchmarkTest01873,weakrand,true,330
BenchmarkTest01874,hash,true,328
BenchmarkTest01875,hash,true,328
BenchmarkTest01876,hash,false,328
BenchmarkTest01877,hash,false,328
BenchmarkTest01878,hash,false,328
BenchmarkTest01879,hash,false,328
BenchmarkTest01880,hash,true,328
BenchmarkTest01881,hash,false,328
BenchmarkTest01882,xss,false,79
BenchmarkTest01883,xss,false,79
BenchmarkTest01884,xss,false,79
BenchmarkTest01885,xss,false,79
BenchmarkTest01886,xss,false,79
BenchmarkTest01887,xss,false,79
BenchmarkTest01888,xss,false,79
BenchmarkTest01889,xss,false,79
BenchmarkTest01890,xss,false,79
BenchmarkTest01891,xss,false,79
BenchmarkTest01892,xss,false,79
BenchmarkTest01893,xss,false,79
BenchmarkTest01894,xss,false,79
BenchmarkTest01895,xss,false,79
BenchmarkTest01896,xss,false,79
BenchmarkTest01897,cmdi,true,78
BenchmarkTest01898,cmdi,true,78
BenchmarkTest01899,cmdi,false,78
BenchmarkTest01900,cmdi,false,78
BenchmarkTest01901,weakrand,true,330
BenchmarkTest01902,weakrand,true,330
BenchmarkTest01903,weakrand,true,330
BenchmarkTest01904,weakrand,true,330
BenchmarkTest01905,securecookie,true,614
BenchmarkTest01906,securecookie,false,614
BenchmarkTest01907,securecookie,false,614
BenchmarkTest01908,cmdi,true,78
BenchmarkTest01909,cmdi,false,78
BenchmarkTest01910,cmdi,false,78
BenchmarkTest01911,cmdi,true,78
BenchmarkTest01912,weakrand,false,330
BenchmarkTest01913,weakrand,false,330
BenchmarkTest01914,weakrand,false,330
BenchmarkTest01915,weakrand,false,330
BenchmarkTest01916,weakrand,false,330
BenchmarkTest01917,weakrand,false,330
BenchmarkTest01918,trustbound,false,501
BenchmarkTest01919,trustbound,true,501
BenchmarkTest01920,trustbound,true,501
BenchmarkTest01921,sqli,false,89
BenchmarkTest01922,sqli,false,89
BenchmarkTest01923,sqli,true,89
BenchmarkTest01924,sqli,false,89
BenchmarkTest01925,sqli,true,89
BenchmarkTest01926,sqli,false,89
BenchmarkTest01927,sqli,true,89
BenchmarkTest01928,sqli,true,89
BenchmarkTest01929,sqli,true,89
BenchmarkTest01930,sqli,false,89
BenchmarkTest01931,sqli,false,89
BenchmarkTest01932,sqli,false,89
BenchmarkTest01933,sqli,false,89
BenchmarkTest01934,sqli,false,89
BenchmarkTest01935,xpathi,true,643
BenchmarkTest01936,crypto,false,327
BenchmarkTest01937,crypto,false,327
BenchmarkTest01938,crypto,false,327
BenchmarkTest01939,crypto,true,327
BenchmarkTest01940,crypto,false,327
BenchmarkTest01941,crypto,true,327
BenchmarkTest01942,crypto,true,327
BenchmarkTest01943,crypto,true,327
BenchmarkTest01944,crypto,true,327
BenchmarkTest01945,crypto,false,327
BenchmarkTest01946,ldapi,true,90
BenchmarkTest01947,pathtraver,false,22
BenchmarkTest01948,pathtraver,false,22
BenchmarkTest01949,pathtraver,true,22
BenchmarkTest01950,pathtraver,true,22
BenchmarkTest01951,pathtraver,true,22
BenchmarkTest01952,pathtraver,false,22
BenchmarkTest01953,pathtraver,false,22
BenchmarkTest01954,ldapi,true,90
BenchmarkTest01955,ldapi,false,90
BenchmarkTest01956,ldapi,true,90
BenchmarkTest01957,ldapi,true,90
BenchmarkTest01958,weakrand,true,330
BenchmarkTest01959,hash,false,328
BenchmarkTest01960,hash,false,328
BenchmarkTest01961,hash,false,328
BenchmarkTest01962,hash,false,328
BenchmarkTest01963,hash,false,328
BenchmarkTest01964,xss,false,79
BenchmarkTest01965,xss,false,79
BenchmarkTest01966,xss,true,79
BenchmarkTest01967,xss,true,79
BenchmarkTest01968,xss,false,79
BenchmarkTest01969,xss,true,79
BenchmarkTest01970,xss,true,79
BenchmarkTest01971,xss,false,79
BenchmarkTest01972,xss,true,79
BenchmarkTest01973,xss,false,79
BenchmarkTest01974,xss,false,79
BenchmarkTest01975,xss,true,79
BenchmarkTest01976,xss,false,79
BenchmarkTest01977,xss,false,79
BenchmarkTest01978,cmdi,false,78
BenchmarkTest01979,cmdi,false,78
BenchmarkTest01980,cmdi,true,78
BenchmarkTest01981,weakrand,true,330
BenchmarkTest01982,weakrand,true,330
BenchmarkTest01983,weakrand,true,330
BenchmarkTest01984,weakrand,true,330
BenchmarkTest01985,weakrand,true,330
BenchmarkTest01986,weakrand,true,330
BenchmarkTest01987,weakrand,true,330
BenchmarkTest01988,weakrand,true,330
BenchmarkTest01989,securecookie,false,614
BenchmarkTest01990,xss,false,79
BenchmarkTest01991,xss,true,79
BenchmarkTest01992,cmdi,false,78
BenchmarkTest01993,cmdi,false,78
BenchmarkTest01994,cmdi,true,78
BenchmarkTest01995,weakrand,false,330
BenchmarkTest01996,weakrand,false,330
BenchmarkTest01997,weakrand,false,330
BenchmarkTest01998,weakrand,false,330
BenchmarkTest01999,weakrand,false,330
BenchmarkTest02000,weakrand,false,330
BenchmarkTest02001,weakrand,false,330
BenchmarkTest02002,weakrand,false,330
BenchmarkTest02003,weakrand,false,330
BenchmarkTest02004,weakrand,false,330
BenchmarkTest02005,weakrand,false,330
BenchmarkTest02006,trustbound,false,501
BenchmarkTest02007,trustbound,true,501
BenchmarkTest02008,trustbound,true,501
BenchmarkTest02009,trustbound,true,501
BenchmarkTest02010,trustbound,true,501
BenchmarkTest02011,trustbound,false,501
BenchmarkTest02012,sqli,true,89
BenchmarkTest02013,sqli,false,89
BenchmarkTest02014,sqli,true,89
BenchmarkTest02015,sqli,true,89
BenchmarkTest02016,sqli,true,89
BenchmarkTest02017,sqli,false,89
BenchmarkTest02018,sqli,true,89
BenchmarkTest02019,sqli,false,89
BenchmarkTest02020,sqli,true,89
BenchmarkTest02021,sqli,true,89
BenchmarkTest02022,xpathi,true,643
BenchmarkTest02023,xpathi,true,643
BenchmarkTest02024,xpathi,false,643
BenchmarkTest02025,crypto,false,327
BenchmarkTest02026,crypto,false,327
BenchmarkTest02027,crypto,true,327
BenchmarkTest02028,crypto,true,327
BenchmarkTest02029,crypto,true,327
BenchmarkTest02030,crypto,true,327
BenchmarkTest02031,crypto,false,327
BenchmarkTest02032,crypto,true,327
BenchmarkTest02033,crypto,true,327
BenchmarkTest02034,pathtraver,true,22
BenchmarkTest02035,pathtraver,true,22
BenchmarkTest02036,pathtraver,false,22
BenchmarkTest02037,pathtraver,false,22
BenchmarkTest02038,pathtraver,false,22
BenchmarkTest02039,pathtraver,false,22
BenchmarkTest02040,pathtraver,true,22
BenchmarkTest02041,pathtraver,true,22
BenchmarkTest02042,pathtraver,true,22
BenchmarkTest02043,hash,true,328
BenchmarkTest02044,hash,true,328
BenchmarkTest02045,hash,false,328
BenchmarkTest02046,hash,true,328
BenchmarkTest02047,hash,false,328
BenchmarkTest02048,weakrand,true,330
BenchmarkTest02049,weakrand,true,330
BenchmarkTest02050,weakrand,true,330
BenchmarkTest02051,weakrand,true,330
BenchmarkTest02052,weakrand,true,330
BenchmarkTest02053,weakrand,true,330
BenchmarkTest02054,weakrand,true,330
BenchmarkTest02055,weakrand,true,330
BenchmarkTest02056,weakrand,true,330
BenchmarkTest02057,weakrand,false,330
BenchmarkTest02058,weakrand,false,330
BenchmarkTest02059,weakrand,false,330
BenchmarkTest02060,weakrand,false,330
BenchmarkTest02061,trustbound,false,501
BenchmarkTest02062,trustbound,true,501
BenchmarkTest02063,trustbound,true,501
BenchmarkTest02064,trustbound,false,501
BenchmarkTest02065,trustbound,true,501
BenchmarkTest02066,trustbound,true,501
BenchmarkTest02067,crypto,true,327
BenchmarkTest02068,crypto,true,327
BenchmarkTest02069,crypto,false,327
BenchmarkTest02070,crypto,false,327
BenchmarkTest02071,crypto,false,327
BenchmarkTest02072,ldapi,true,90
BenchmarkTest02073,pathtraver,true,22
BenchmarkTest02074,pathtraver,false,22
BenchmarkTest02075,pathtraver,true,22
BenchmarkTest02076,pathtraver,true,22
BenchmarkTest02077,pathtraver,true,22
BenchmarkTest02078,pathtraver,true,22
BenchmarkTest02079,pathtraver,false,22
BenchmarkTest02080,pathtraver,false,22
BenchmarkTest02081,pathtraver,true,22
BenchmarkTest02082,pathtraver,false,22
BenchmarkTest02083,pathtraver,true,22
BenchmarkTest02084,hash,false,328
BenchmarkTest02085,hash,false,328
BenchmarkTest02086,hash,false,328
BenchmarkTest02087,hash,true,328
BenchmarkTest02088,hash,false,328
BenchmarkTest02089,hash,false,328
BenchmarkTest02090,xss,true,79
BenchmarkTest02091,xss,true,79
BenchmarkTest02092,xss,false,79
BenchmarkTest02093,xss,true,79
BenchmarkTest02094,xss,true,79
BenchmarkTest02095,xss,true,79
BenchmarkTest02096,xss,false,79
BenchmarkTest02097,xss,false,79
BenchmarkTest02098,xss,true,79
BenchmarkTest02099,xss,true,79
BenchmarkTest02100,xss,true,79
BenchmarkTest02101,xss,true,79
BenchmarkTest02102,xss,false,79
BenchmarkTest02103,weakrand,true,330
BenchmarkTest02104,weakrand,true,330
BenchmarkTest02105,weakrand,true,330
BenchmarkTest02106,weakrand,true,330
BenchmarkTest02107,weakrand,true,330
BenchmarkTest02108,securecookie,true,614
BenchmarkTest02109,securecookie,false,614
BenchmarkTest02110,securecookie,false,614
BenchmarkTest02111,xss,false,79
BenchmarkTest02112,cmdi,true,78
BenchmarkTest02113,cmdi,true,78
BenchmarkTest02114,cmdi,false,78
BenchmarkTest02115,cmdi,false,78
BenchmarkTest02116,cmdi,true,78
BenchmarkTest02117,cmdi,false,78
BenchmarkTest02118,cmdi,false,78
BenchmarkTest02119,weakrand,false,330
BenchmarkTest02120,weakrand,false,330
BenchmarkTest02121,weakrand,false,330
BenchmarkTest02122,weakrand,false,330
BenchmarkTest02123,weakrand,false,330
BenchmarkTest02124,weakrand,false,330
BenchmarkTest02125,weakrand,false,330
BenchmarkTest02126,weakrand,false,330
BenchmarkTest02127,trustbound,true,501
BenchmarkTest02128,trustbound,true,501
BenchmarkTest02129,trustbound,true,501
BenchmarkTest02130,trustbound,true,501
BenchmarkTest02131,trustbound,true,501
BenchmarkTest02132,sqli,true,89
BenchmarkTest02133,sqli,true,89
BenchmarkTest02134,sqli,true,89
BenchmarkTest02135,sqli,false,89
BenchmarkTest02136,sqli,true,89
BenchmarkTest02137,sqli,true,89
BenchmarkTest02138,sqli,false,89
BenchmarkTest02139,sqli,true,89
BenchmarkTest02140,sqli,true,89
BenchmarkTest02141,sqli,false,89
BenchmarkTest02142,sqli,false,89
BenchmarkTest02143,xpathi,true,643
BenchmarkTest02144,xpathi,false,643
BenchmarkTest02145,crypto,true,327
BenchmarkTest02146,crypto,false,327
BenchmarkTest02147,crypto,false,327
BenchmarkTest02148,crypto,true,327
BenchmarkTest02149,crypto,true,327
BenchmarkTest02150,crypto,false,327
BenchmarkTest02151,crypto,false,327
BenchmarkTest02152,crypto,false,327
BenchmarkTest02153,crypto,true,327
BenchmarkTest02154,crypto,true,327
BenchmarkTest02155,crypto,true,327
BenchmarkTest02156,crypto,false,327
BenchmarkTest02157,ldapi,true,90
BenchmarkTest02158,pathtraver,false,22
BenchmarkTest02159,pathtraver,false,22
BenchmarkTest02160,pathtraver,false,22
BenchmarkTest02161,pathtraver,true,22
BenchmarkTest02162,pathtraver,false,22
BenchmarkTest02163,pathtraver,true,22
BenchmarkTest02164,pathtraver,true,22
BenchmarkTest02165,ldapi,false,90
BenchmarkTest02166,weakrand,true,330
BenchmarkTest02167,hash,false,328
BenchmarkTest02168,hash,false,328
BenchmarkTest02169,hash,false,328
BenchmarkTest02170,hash,false,328
BenchmarkTest02171,hash,false,328
BenchmarkTest02172,hash,false,328
BenchmarkTest02173,hash,false,328
BenchmarkTest02174,xss,true,79
BenchmarkTest02175,xss,true,79
BenchmarkTest02176,xss,false,79
BenchmarkTest02177,xss,false,79
BenchmarkTest02178,xss,false,79
BenchmarkTest02179,xss,true,79
BenchmarkTest02180,xss,true,79
BenchmarkTest02181,xss,false,79
BenchmarkTest02182,xss,true,79
BenchmarkTest02183,xss,false,79
BenchmarkTest02184,xss,false,79
BenchmarkTest02185,xss,false,79
BenchmarkTest02186,xss,true,79
BenchmarkTest02187,xss,false,79
BenchmarkTest02188,xss,true,79
BenchmarkTest02189,xss,false,79
BenchmarkTest02190,xss,true,79
BenchmarkTest02191,xss,true,79
BenchmarkTest02192,xss,false,79
BenchmarkTest02193,xss,false,79
BenchmarkTest02194,cmdi,true,78
BenchmarkTest02195,cmdi,true,78
BenchmarkTest02196,weakrand,true,330
BenchmarkTest02197,weakrand,true,330
BenchmarkTest02198,weakrand,true,330
BenchmarkTest02199,weakrand,true,330
BenchmarkTest02200,weakrand,true,330
BenchmarkTest02201,weakrand,true,330
BenchmarkTest02202,securecookie,true,614
BenchmarkTest02203,securecookie,false,614
BenchmarkTest02204,xss,false,79
BenchmarkTest02205,cmdi,true,78
BenchmarkTest02206,cmdi,false,78
BenchmarkTest02207,cmdi,true,78
BenchmarkTest02208,cmdi,true,78
BenchmarkTest02209,cmdi,false,78
BenchmarkTest02210,cmdi,false,78
BenchmarkTest02211,cmdi,true,78
BenchmarkTest02212,cmdi,true,78
BenchmarkTest02213,cmdi,false,78
BenchmarkTest02214,weakrand,false,330
BenchmarkTest02215,weakrand,false,330
BenchmarkTest02216,weakrand,false,330
BenchmarkTest02217,weakrand,false,330
BenchmarkTest02218,weakrand,false,330
BenchmarkTest02219,weakrand,false,330
BenchmarkTest02220,weakrand,false,330
BenchmarkTest02221,weakrand,false,330
BenchmarkTest02222,weakrand,false,330
BenchmarkTest02223,weakrand,false,330
BenchmarkTest02224,weakrand,false,330
BenchmarkTest02225,weakrand,false,330
BenchmarkTest02226,weakrand,false,330
BenchmarkTest02227,weakrand,false,330
BenchmarkTest02228,trustbound,true,501
BenchmarkTest02229,trustbound,true,501
BenchmarkTest02230,trustbound,true,501
BenchmarkTest02231,trustbound,true,501
BenchmarkTest02232,sqli,false,89
BenchmarkTest02233,sqli,true,89
BenchmarkTest02234,sqli,false,89
BenchmarkTest02235,sqli,false,89
BenchmarkTest02236,sqli,true,89
BenchmarkTest02237,sqli,false,89
BenchmarkTest02238,sqli,true,89
BenchmarkTest02239,sqli,true,89
BenchmarkTest02240,sqli,true,89
BenchmarkTest02241,sqli,false,89
BenchmarkTest02242,sqli,false,89
BenchmarkTest02243,sqli,true,89
BenchmarkTest02244,sqli,false,89
BenchmarkTest02245,sqli,false,89
BenchmarkTest02246,sqli,false,89
BenchmarkTest02247,xpathi,true,643
BenchmarkTest02248,xpathi,false,643
BenchmarkTest02249,crypto,false,327
BenchmarkTest02250,crypto,false,327
BenchmarkTest02251,crypto,true,327
BenchmarkTest02252,crypto,true,327
BenchmarkTest02253,crypto,true,327
BenchmarkTest02254,pathtraver,true,22
BenchmarkTest02255,pathtraver,false,22
BenchmarkTest02256,pathtraver,false,22
BenchmarkTest02257,pathtraver,true,22
BenchmarkTest02258,pathtraver,false,22
BenchmarkTest02259,pathtraver,false,22
BenchmarkTest02260,pathtraver,false,22
BenchmarkTest02261,ldapi,false,90
BenchmarkTest02262,weakrand,true,330
BenchmarkTest02263,hash,true,328
BenchmarkTest02264,hash,true,328
BenchmarkTest02265,hash,true,328
BenchmarkTest02266,hash,false,328
BenchmarkTest02267,hash,true,328
BenchmarkTest02268,hash,true,328
BenchmarkTest02269,hash,true,328
BenchmarkTest02270,hash,true,328
BenchmarkTest02271,hash,true,328
BenchmarkTest02272,xss,true,79
BenchmarkTest02273,xss,false,79
BenchmarkTest02274,xss,false,79
BenchmarkTest02275,xss,false,79
BenchmarkTest02276,xss,true,79
BenchmarkTest02277,xss,false,79
BenchmarkTest02278,xss,true,79
BenchmarkTest02279,xss,false,79
BenchmarkTest02280,xss,false,79
BenchmarkTest02281,xss,false,79
BenchmarkTest02282,xss,true,79
BenchmarkTest02283,xss,true,79
BenchmarkTest02284,xss,false,79
BenchmarkTest02285,xss,false,79
BenchmarkTest02286,xss,true,79
BenchmarkTest02287,xss,true,79
BenchmarkTest02288,xss,false,79
BenchmarkTest02289,xss,false,79
BenchmarkTest02290,xss,false,79
BenchmarkTest02291,xss,true,79
BenchmarkTest02292,xss,false,79
BenchmarkTest02293,cmdi,true,78
BenchmarkTest02294,cmdi,true,78
BenchmarkTest02295,cmdi,true,78
BenchmarkTest02296,weakrand,true,330
BenchmarkTest02297,weakrand,true,330
BenchmarkTest02298,weakrand,true,330
BenchmarkTest02299,weakrand,true,330
BenchmarkTest02300,weakrand,true,330
BenchmarkTest02301,weakrand,true,330
BenchmarkTest02302,weakrand,true,330
BenchmarkTest02303,weakrand,true,330
BenchmarkTest02304,weakrand,true,330
BenchmarkTest02305,cmdi,true,78
BenchmarkTest02306,cmdi,false,78
BenchmarkTest02307,cmdi,true,78
BenchmarkTest02308,cmdi,true,78
BenchmarkTest02309,weakrand,false,330
BenchmarkTest02310,weakrand,false,330
BenchmarkTest02311,weakrand,false,330
BenchmarkTest02312,weakrand,false,330
BenchmarkTest02313,weakrand,false,330
BenchmarkTest02314,weakrand,false,330
BenchmarkTest02315,weakrand,false,330
BenchmarkTest02316,weakrand,false,330
BenchmarkTest02317,weakrand,false,330
BenchmarkTest02318,weakrand,false,330
BenchmarkTest02319,weakrand,false,330
BenchmarkTest02320,trustbound,false,501
BenchmarkTest02321,trustbound,false,501
BenchmarkTest02322,trustbound,true,501
BenchmarkTest02323,trustbound,true,501
BenchmarkTest02324,sqli,true,89
BenchmarkTest02325,sqli,true,89
BenchmarkTest02326,sqli,true,89
BenchmarkTest02327,sqli,true,89
BenchmarkTest02328,sqli,false,89
BenchmarkTest02329,sqli,true,89
BenchmarkTest02330,sqli,true,89
BenchmarkTest02331,sqli,true,89
BenchmarkTest02332,sqli,true,89
BenchmarkTest02333,sqli,false,89
BenchmarkTest02334,sqli,true,89
BenchmarkTest02335,sqli,false,89
BenchmarkTest02336,sqli,false,89
BenchmarkTest02337,sqli,true,89
BenchmarkTest02338,sqli,true,89
BenchmarkTest02339,sqli,false,89
BenchmarkTest02340,crypto,true,327
BenchmarkTest02341,crypto,true,327
BenchmarkTest02342,crypto,false,327
BenchmarkTest02343,crypto,true,327
BenchmarkTest02344,crypto,false,327
BenchmarkTest02345,ldapi,true,90
BenchmarkTest02346,ldapi,true,90
BenchmarkTest02347,pathtraver,false,22
BenchmarkTest02348,pathtraver,true,22
BenchmarkTest02349,pathtraver,true,22
BenchmarkTest02350,pathtraver,false,22
BenchmarkTest02351,pathtraver,true,22
BenchmarkTest02352,hash,true,328
BenchmarkTest02353,hash,true,328
BenchmarkTest02354,hash,true,328
BenchmarkTest02355,hash,false,328
BenchmarkTest02356,xss,true,79
BenchmarkTest02357,xss,true,79
BenchmarkTest02358,xss,true,79
BenchmarkTest02359,xss,false,79
BenchmarkTest02360,xss,false,79
BenchmarkTest02361,xss,true,79
BenchmarkTest02362,xss,true,79
BenchmarkTest02363,xss,true,79
BenchmarkTest02364,xss,true,79
BenchmarkTest02365,xss,true,79
BenchmarkTest02366,xss,false,79
BenchmarkTest02367,xss,false,79
BenchmarkTest02368,xss,true,79
BenchmarkTest02369,xss,false,79
BenchmarkTest02370,xss,false,79
BenchmarkTest02371,xss,false,79
BenchmarkTest02372,xss,true,79
BenchmarkTest02373,cmdi,true,78
BenchmarkTest02374,cmdi,true,78
BenchmarkTest02375,cmdi,true,78
BenchmarkTest02376,weakrand,true,330
BenchmarkTest02377,weakrand,true,330
BenchmarkTest02378,weakrand,true,330
BenchmarkTest02379,weakrand,true,330
BenchmarkTest02380,securecookie,false,614
BenchmarkTest02381,xss,true,79
BenchmarkTest02382,xss,false,79
BenchmarkTest02383,cmdi,false,78
BenchmarkTest02384,cmdi,false,78
BenchmarkTest02385,cmdi,false,78
BenchmarkTest02386,weakrand,false,330
BenchmarkTest02387,weakrand,false,330
BenchmarkTest02388,weakrand,false,330
BenchmarkTest02389,weakrand,false,330
BenchmarkTest02390,weakrand,false,330
BenchmarkTest02391,weakrand,false,330
BenchmarkTest02392,weakrand,false,330
BenchmarkTest02393,weakrand,false,330
BenchmarkTest02394,weakrand,false,330
BenchmarkTest02395,weakrand,false,330
BenchmarkTest02396,weakrand,false,330
BenchmarkTest02397,weakrand,false,330
BenchmarkTest02398,weakrand,false,330
BenchmarkTest02399,trustbound,true,501
BenchmarkTest02400,trustbound,true,501
BenchmarkTest02401,trustbound,true,501
BenchmarkTest02402,trustbound,false,501
BenchmarkTest02403,trustbound,false,501
BenchmarkTest02404,trustbound,true,501
BenchmarkTest02405,sqli,false,89
BenchmarkTest02406,sqli,true,89
BenchmarkTest02407,sqli,true,89
BenchmarkTest02408,sqli,false,89
BenchmarkTest02409,sqli,false,89
BenchmarkTest02410,sqli,false,89
BenchmarkTest02411,sqli,true,89
BenchmarkTest02412,sqli,true,89
BenchmarkTest02413,sqli,false,89
BenchmarkTest02414,sqli,true,89
BenchmarkTest02415,sqli,true,89
BenchmarkTest02416,sqli,true,89
BenchmarkTest02417,sqli,false,89
BenchmarkTest02418,sqli,true,89
BenchmarkTest02419,sqli,true,89
BenchmarkTest02420,sqli,true,89
BenchmarkTest02421,sqli,false,89
BenchmarkTest02422,sqli,true,89
BenchmarkTest02423,sqli,false,89
BenchmarkTest02424,sqli,true,89
BenchmarkTest02425,sqli,true,89
BenchmarkTest02426,sqli,true,89
BenchmarkTest02427,xpathi,true,643
BenchmarkTest02428,crypto,false,327
BenchmarkTest02429,crypto,true,327
BenchmarkTest02430,crypto,true,327
BenchmarkTest02431,crypto,false,327
BenchmarkTest02432,crypto,false,327
BenchmarkTest02433,crypto,false,327
BenchmarkTest02434,ldapi,true,90
BenchmarkTest02435,ldapi,true,90
BenchmarkTest02436,pathtraver,false,22
BenchmarkTest02437,pathtraver,true,22
BenchmarkTest02438,pathtraver,true,22
BenchmarkTest02439,pathtraver,true,22
BenchmarkTest02440,pathtraver,true,22
BenchmarkTest02441,pathtraver,true,22
BenchmarkTest02442,pathtraver,true,22
BenchmarkTest02443,pathtraver,false,22
BenchmarkTest02444,pathtraver,true,22
BenchmarkTest02445,pathtraver,true,22
BenchmarkTest02446,ldapi,true,90
BenchmarkTest02447,weakrand,true,330
BenchmarkTest02448,hash,false,328
BenchmarkTest02449,hash,false,328
BenchmarkTest02450,hash,true,328
BenchmarkTest02451,xss,false,79
BenchmarkTest02452,xss,true,79
BenchmarkTest02453,xss,true,79
BenchmarkTest02454,xss,true,79
BenchmarkTest02455,xss,false,79
BenchmarkTest02456,xss,true,79
BenchmarkTest02457,xss,false,79
BenchmarkTest02458,xss,false,79
BenchmarkTest02459,xss,true,79
BenchmarkTest02460,xss,true,79
BenchmarkTest02461,cmdi,true,78
BenchmarkTest02462,weakrand,true,330
BenchmarkTest02463,weakrand,true,330
BenchmarkTest02464,weakrand,true,330
BenchmarkTest02465,weakrand,true,330
BenchmarkTest02466,weakrand,true,330
BenchmarkTest02467,securecookie,true,614
BenchmarkTest02468,xss,false,79
BenchmarkTest02469,xss,true,79
BenchmarkTest02470,xss,false,79
BenchmarkTest02471,cmdi,false,78
BenchmarkTest02472,cmdi,true,78
BenchmarkTest02473,cmdi,false,78
BenchmarkTest02474,cmdi,false,78
BenchmarkTest02475,weakrand,false,330
BenchmarkTest02476,weakrand,false,330
BenchmarkTest02477,weakrand,false,330
BenchmarkTest02478,weakrand,false,330
BenchmarkTest02479,weakrand,false,330
BenchmarkTest02480,weakrand,false,330
BenchmarkTest02481,weakrand,false,330
BenchmarkTest02482,weakrand,false,330
BenchmarkTest02483,weakrand,false,330
BenchmarkTest02484,weakrand,false,330
BenchmarkTest02485,trustbound,true,501
BenchmarkTest02486,trustbound,true,501
BenchmarkTest02487,trustbound,true,501
BenchmarkTest02488,sqli,true,89
BenchmarkTest02489,sqli,false,89
BenchmarkTest02490,sqli,true,89
BenchmarkTest02491,sqli,true,89
BenchmarkTest02492,sqli,true,89
BenchmarkTest02493,sqli,false,89
BenchmarkTest02494,sqli,true,89
BenchmarkTest02495,sqli,true,89
BenchmarkTest02496,sqli,true,89
BenchmarkTest02497,sqli,false,89
BenchmarkTest02498,sqli,true,89
BenchmarkTest02499,sqli,true,89
BenchmarkTest02500,sqli,false,89
BenchmarkTest02501,sqli,true,89
BenchmarkTest02502,sqli,false,89
BenchmarkTest02503,sqli,false,89
BenchmarkTest02504,sqli,true,89
BenchmarkTest02505,sqli,false,89
BenchmarkTest02506,sqli,false,89
BenchmarkTest02507,sqli,false,89
BenchmarkTest02508,xpathi,false,643
BenchmarkTest02509,crypto,true,327
BenchmarkTest02510,crypto,false,327
BenchmarkTest02511,crypto,false,327
BenchmarkTest02512,crypto,true,327
BenchmarkTest02513,crypto,true,327
BenchmarkTest02514,crypto,false,327
BenchmarkTest02515,crypto,false,327
BenchmarkTest02516,crypto,false,327
BenchmarkTest02517,crypto,false,327
BenchmarkTest02518,crypto,false,327
BenchmarkTest02519,pathtraver,false,22
BenchmarkTest02520,pathtraver,false,22
BenchmarkTest02521,pathtraver,false,22
BenchmarkTest02522,pathtraver,true,22
BenchmarkTest02523,ldapi,true,90
BenchmarkTest02524,weakrand,true,330
BenchmarkTest02525,weakrand,true,330
BenchmarkTest02526,weakrand,true,330
BenchmarkTest02527,hash,false,328
BenchmarkTest02528,hash,true,328
BenchmarkTest02529,hash,true,328
BenchmarkTest02530,hash,false,328
BenchmarkTest02531,hash,true,328
BenchmarkTest02532,hash,false,328
BenchmarkTest02533,hash,false,328
BenchmarkTest02534,hash,false,328
BenchmarkTest02535,hash,false,328
BenchmarkTest02536,xss,true,79
BenchmarkTest02537,xss,true,79
BenchmarkTest02538,xss,false,79
BenchmarkTest02539,xss,true,79
BenchmarkTest02540,xss,false,79
BenchmarkTest02541,xss,true,79
BenchmarkTest02542,xss,true,79
BenchmarkTest02543,xss,true,79
BenchmarkTest02544,xss,false,79
BenchmarkTest02545,xss,false,79
BenchmarkTest02546,xss,true,79
BenchmarkTest02547,xss,true,79
BenchmarkTest02548,xss,true,79
BenchmarkTest02549,xss,false,79
BenchmarkTest02550,cmdi,true,78
BenchmarkTest02551,cmdi,true,78
BenchmarkTest02552,weakrand,true,330
BenchmarkTest02553,weakrand,true,330
BenchmarkTest02554,weakrand,true,330
BenchmarkTest02555,weakrand,true,330
BenchmarkTest02556,weakrand,true,330
BenchmarkTest02557,weakrand,true,330
BenchmarkTest02558,weakrand,true,330
BenchmarkTest02559,weakrand,true,330
BenchmarkTest02560,weakrand,true,330
BenchmarkTest02561,weakrand,true,330
BenchmarkTest02562,securecookie,true,614
BenchmarkTest02563,securecookie,false,614
BenchmarkTest02564,securecookie,false,614
BenchmarkTest02565,securecookie,false,614
BenchmarkTest02566,xss,false,79
BenchmarkTest02567,xss,false,79
BenchmarkTest02568,cmdi,true,78
BenchmarkTest02569,cmdi,true,78
BenchmarkTest02570,cmdi,false,78
BenchmarkTest02571,cmdi,true,78
BenchmarkTest02572,cmdi,false,78
BenchmarkTest02573,cmdi,false,78
BenchmarkTest02574,weakrand,false,330
BenchmarkTest02575,weakrand,false,330
BenchmarkTest02576,weakrand,false,330
BenchmarkTest02577,weakrand,false,330
BenchmarkTest02578,weakrand,false,330
BenchmarkTest02579,weakrand,false,330
BenchmarkTest02580,weakrand,false,330
BenchmarkTest02581,weakrand,false,330
BenchmarkTest02582,weakrand,false,330
BenchmarkTest02583,trustbound,false,501
BenchmarkTest02584,trustbound,true,501
BenchmarkTest02585,trustbound,true,501
BenchmarkTest02586,trustbound,true,501
BenchmarkTest02587,trustbound,false,501
BenchmarkTest02588,trustbound,false,501
BenchmarkTest02589,trustbound,true,501
BenchmarkTest02590,trustbound,true,501
BenchmarkTest02591,sqli,true,89
BenchmarkTest02592,sqli,true,89
BenchmarkTest02593,sqli,true,89
BenchmarkTest02594,sqli,true,89
BenchmarkTest02595,sqli,false,89
BenchmarkTest02596,sqli,true,89
BenchmarkTest02597,sqli,false,89
BenchmarkTest02598,sqli,false,89
BenchmarkTest02599,sqli,false,89
BenchmarkTest02600,sqli,false,89
BenchmarkTest02601,sqli,false,89
BenchmarkTest02602,sqli,false,89
BenchmarkTest02603,sqli,true,89
BenchmarkTest02604,sqli,true,89
BenchmarkTest02605,sqli,true,89
BenchmarkTest02606,sqli,true,89
BenchmarkTest02607,xpathi,false,643
BenchmarkTest02608,crypto,true,327
BenchmarkTest02609,crypto,true,327
BenchmarkTest02610,crypto,true,327
BenchmarkTest02611,crypto,false,327
BenchmarkTest02612,crypto,true,327
BenchmarkTest02613,crypto,false,327
BenchmarkTest02614,ldapi,false,90
BenchmarkTest02615,pathtraver,false,22
BenchmarkTest02616,pathtraver,true,22
BenchmarkTest02617,pathtraver,true,22
BenchmarkTest02618,pathtraver,false,22
BenchmarkTest02619,pathtraver,true,22
BenchmarkTest02620,pathtraver,true,22
BenchmarkTest02621,pathtraver,false,22
BenchmarkTest02622,hash,true,328
BenchmarkTest02623,hash,false,328
BenchmarkTest02624,hash,false,328
BenchmarkTest02625,hash,true,328
BenchmarkTest02626,hash,true,328
BenchmarkTest02627,hash,true,328
BenchmarkTest02628,hash,true,328
BenchmarkTest02629,hash,true,328
BenchmarkTest02630,hash,false,328
BenchmarkTest02631,hash,true,328
BenchmarkTest02632,hash,true,328
BenchmarkTest02633,hash,false,328
BenchmarkTest02634,hash,false,328
BenchmarkTest02635,hash,true,328
BenchmarkTest02636,hash,false,328
BenchmarkTest02637,hash,false,328
BenchmarkTest02638,hash,false,328
BenchmarkTest02639,xss,true,79
BenchmarkTest02640,xss,true,79
BenchmarkTest02641,xss,true,79
BenchmarkTest02642,xss,false,79
BenchmarkTest02643,xss,true,79
BenchmarkTest02644,xss,true,79
BenchmarkTest02645,xss,false,79
BenchmarkTest02646,xss,true,79
BenchmarkTest02647,xss,true,79
BenchmarkTest02648,xss,true,79
BenchmarkTest02649,xss,true,79
BenchmarkTest02650,xss,false,79
BenchmarkTest02651,xss,true,79
BenchmarkTest02652,xss,true,79
BenchmarkTest02653,xss,false,79
BenchmarkTest02654,xss,true,79
BenchmarkTest02655,xss,true,79
BenchmarkTest02656,xss,false,79
BenchmarkTest02657,xss,true,79
BenchmarkTest02658,xss,true,79
BenchmarkTest02659,xss,true,79
BenchmarkTest02660,cmdi,true,78
BenchmarkTest02661,cmdi,true,78
BenchmarkTest02662,cmdi,true,78
BenchmarkTest02663,weakrand,true,330
BenchmarkTest02664,weakrand,true,330
BenchmarkTest02665,weakrand,true,330
BenchmarkTest02666,weakrand,true,330
BenchmarkTest02667,securecookie,true,614
BenchmarkTest02668,xss,false,79
BenchmarkTest02669,cmdi,false,78
BenchmarkTest02670,cmdi,false,78
BenchmarkTest02671,cmdi,true,78
BenchmarkTest02672,cmdi,true,78
BenchmarkTest02673,cmdi,false,78
BenchmarkTest02674,weakrand,false,330
BenchmarkTest02675,weakrand,false,330
BenchmarkTest02676,weakrand,false,330
BenchmarkTest02677,weakrand,false,330
BenchmarkTest02678,weakrand,false,330
BenchmarkTest02679,weakrand,false,330
BenchmarkTest02680,weakrand,false,330
BenchmarkTest02681,weakrand,false,330
BenchmarkTest02682,weakrand,false,330
BenchmarkTest02683,trustbound,true,501
BenchmarkTest02684,trustbound,false,501
BenchmarkTest02685,trustbound,false,501
BenchmarkTest02686,trustbound,true,501
BenchmarkTest02687,trustbound,true,501
BenchmarkTest02688,sqli,false,89
BenchmarkTest02689,sqli,false,89
BenchmarkTest02690,sqli,true,89
BenchmarkTest02691,sqli,true,89
BenchmarkTest02692,sqli,true,89
BenchmarkTest02693,sqli,false,89
BenchmarkTest02694,sqli,false,89
BenchmarkTest02695,sqli,true,89
BenchmarkTest02696,sqli,true,89
BenchmarkTest02697,sqli,true,89
BenchmarkTest02698,sqli,false,89
BenchmarkTest02699,sqli,true,89
BenchmarkTest02700,sqli,true,89
BenchmarkTest02701,sqli,true,89
BenchmarkTest02702,sqli,true,89
BenchmarkTest02703,sqli,true,89
BenchmarkTest02704,sqli,true,89
BenchmarkTest02705,sqli,true,89
BenchmarkTest02706,sqli,true,89
BenchmarkTest02707,sqli,true,89
BenchmarkTest02708,sqli,false,89
BenchmarkTest02709,sqli,false,89
BenchmarkTest02710,xpathi,true,643
BenchmarkTest02711,xpathi,false,643
BenchmarkTest02712,crypto,true,327
BenchmarkTest02713,crypto,true,327
BenchmarkTest02714,crypto,true,327
BenchmarkTest02715,pathtraver,false,22
BenchmarkTest02716,pathtraver,false,22
BenchmarkTest02717,pathtraver,false,22
BenchmarkTest02718,pathtraver,false,22
BenchmarkTest02719,pathtraver,false,22
BenchmarkTest02720,pathtraver,false,22
BenchmarkTest02721,pathtraver,false,22
BenchmarkTest02722,ldapi,false,90
BenchmarkTest02723,ldapi,false,90
BenchmarkTest02724,weakrand,true,330
BenchmarkTest02725,hash,false,328
BenchmarkTest02726,hash,false,328
BenchmarkTest02727,hash,false,328
BenchmarkTest02728,hash,true,328
BenchmarkTest02729,hash,true,328
BenchmarkTest02730,hash,false,328
BenchmarkTest02731,hash,false,328
BenchmarkTest02732,xss,false,79
BenchmarkTest02733,xss,false,79
BenchmarkTest02734,xss,false,79
BenchmarkTest02735,xss,false,79
BenchmarkTest02736,xss,false,79
BenchmarkTest02737,xss,false,79
BenchmarkTest02738,xss,false,79
BenchmarkTest02739,xss,false,79
BenchmarkTest02740,xss,false,79
BenchmarkTest02741,xss,false,79
BenchmarkTest02742,xss,false,79
BenchmarkTest02743,xss,false,79
BenchmarkTest02744,xss,false,79
BenchmarkTest02745,xss,false,79
BenchmarkTest02746,xss,false,79
BenchmarkTest02747,cmdi,false,78
BenchmarkTest02748,cmdi,false,78
BenchmarkTest02749,cmdi,false,78
BenchmarkTest02750,cmdi,false,78
BenchmarkTest02751,cmdi,false,78
BenchmarkTest02752,cmdi,false,78
BenchmarkTest02753,weakrand,true,330
BenchmarkTest02754,weakrand,true,330
BenchmarkTest02755,weakrand,true,330
BenchmarkTest02756,weakrand,true,330
BenchmarkTest02757,weakrand,true,330
BenchmarkTest02758,securecookie,true,614
BenchmarkTest02759,securecookie,false,614
BenchmarkTest02760,xss,false,79
BenchmarkTest02761,cmdi,false,78
BenchmarkTest02762,cmdi,false,78
BenchmarkTest02763,weakrand,false,330
BenchmarkTest02764,weakrand,false,330
BenchmarkTest02765,weakrand,false,330
BenchmarkTest02766,weakrand,false,330
BenchmarkTest02767,weakrand,false,330
BenchmarkTest02768,weakrand,false,330
BenchmarkTest02769,weakrand,false,330
BenchmarkTest02770,weakrand,false,330
BenchmarkTest02771,weakrand,false,330
BenchmarkTest02772,weakrand,false,330
BenchmarkTest02773,weakrand,false,330
BenchmarkTest02774,weakrand,false,330
BenchmarkTest02775,weakrand,false,330
BenchmarkTest02776,weakrand,false,330
BenchmarkTest02777,weakrand,false,330
BenchmarkTest02778,trustbound,false,501
BenchmarkTest02779,sqli,false,89
BenchmarkTest02780,sqli,false,89
BenchmarkTest02781,sqli,false,89
BenchmarkTest02782,sqli,false,89
BenchmarkTest02783,sqli,false,89
BenchmarkTest02784,sqli,false,89
BenchmarkTest02785,sqli,false,89
BenchmarkTest02786,sqli,false,89
BenchmarkTest02787,sqli,false,89
BenchmarkTest02788,sqli,false,89
BenchmarkTest02789,sqli,false,89
BenchmarkTest02790,sqli,false,89
BenchmarkTest02791,xpathi,false,643
BenchmarkTest02792,xpathi,false,643
BenchmarkTest02793,xpathi,false,643
